separator,train_score,test_score
eat,0.7487179487179487,0.71484375
WATCH Negro obvious observational YouTube,0.7346153846153847,0.62109375
Refer orche Arbor,0.7333333333333333,0.7109375
CloverUSER./,0.7179487179487178,0.72265625
Internante Hispanic,0.7179487179487178,0.7265625
