separator,train_score,test_score
"""i",0.691025641025641,0.6796875
"""all these",0.673076923076923,0.53515625
"""the word",0.6576923076923078,0.609375
", that's",0.6564102564102563,0.625
"""it ev",0.641025641025641,0.609375
