separator,train_score,test_score
N,0.764102564102564,0.64453125
The effect of,0.7512820512820513,0.71484375
A comparison of,0.7205128205128205,0.66015625
[Function,0.7051282051282052,0.56640625
We're Back with the,0.7038461538461538,0.6875
