separator,rougeL_f1,rouge1_f1,rouge2_f1,train_score
In summary,0.20661807313039768,0.21873387244773937,0.03892759216359738,0.2012390371860303
