separator,train_score,test_score
<,0.7346153846153847,0.765625
|   |,0.7038461538461538,0.7421875
-,0.7,0.69140625
.  {separator,0.691025641025641,0.6640625
the above,0.6871794871794872,0.6953125
