separator,rougeL_f1,rouge1_f1,rouge2_f1,train_score
"Q:

How",0.21411784314867463,0.23321565337024133,0.0458128043914266,0.2269156522116269
If a,0.1972186166312575,0.21521962933754327,0.032770061168986495,0.2221144194827109
[Effects of,0.17925822665632662,0.19202461454720562,0.03233714592556852,0.19965204627501773
When the sun starts,0.1996150627677203,0.20992346852047042,0.03128707839776125,0.19940214090826427
When you have no,0.18069439118135744,0.19766174798525749,0.024582218668499325,0.1980262104548522
