separator,train_score,test_score
Quadratic analysis of,0.35769230769230764,0.33203125
Q:,0.3435897435897436,0.27734375
The new B,0.3435897435897436,0.33984375
Q,0.3435897435897436,0.27734375
//,0.3435897435897436,0.328125
