separator,train_score,test_score
halluc Pyrrhaearth inflicboy,0.8423076923076923,0.625
prospectUMP Dismusterity Erdogan,0.826923076923077,0.6328125
bourgeois EditorialBeaut,0.8115384615384617,0.640625
CHRIST cowardâ,0.8115384615384615,0.62109375
Correction,0.8115384615384615,0.61328125
