separator,train_score,test_score
memos coast TraditionYD,0.3487179487179487,0.27734375
reacted blew agitation,0.3307692307692308,0.265625
Lyme AjluaRestPASS,0.3307692307692308,0.25
Reason condemn improper superb,0.32948717948717954,0.2890625
tion tresp,0.31410256410256415,0.2421875
