separator,sari,train_score
We first meet here of,43.21117150610982,48.83705851681977
Churches or,43.86475911130905,46.79452162516355
"""For this",45.57844705651049,46.55065666631535
"By Zeus, this myth",44.06894970360441,45.84161688161339
Contents,41.86484998105698,45.25434414780861
