separator,train_score,test_score
Decre RET simple nurturing Clancy,0.8294871794871795,0.6796875
rete gentle overtake,0.8282051282051281,0.5234375
KYathi Ramos,0.8128205128205128,0.50390625
CPR shoutsocaustaddafi,0.8128205128205128,0.53515625
Principal rarityMalley,0.8128205128205128,0.515625
