separator,train_score,test_score
onz spiritual desserts,0.8448717948717949,0.54296875
rawdownload,0.8282051282051283,0.62890625
NG,0.826923076923077,0.68359375
invramLieellarimates,0.8141025641025641,0.515625
bourgeois EditorialBeaut,0.8141025641025641,0.5234375
