separator,train_score,test_score
666 donating externalToEVA,0.6397435897435898,0.625
TodayIR enjoyment torture Sevent,0.6397435897435898,0.6796875
ONDON hospitality theology Blackhawks,0.6269230769230769,0.546875
Java,0.6269230769230769,0.51171875
letter,0.6243589743589744,0.6484375
