separator,train_score,test_score
Tag Grounds,0.3307692307692308,0.23046875
emonic,0.3307692307692308,0.2421875
Episodeiosyncr charitable,0.3153846153846154,0.2421875
ヴァ swallowed DID CambridgeJoy,0.3153846153846154,0.2265625
believer enroll outcry Finder My,0.3153846153846154,0.23828125
