separator,train_score,test_score
Culture-,0.38974358974358975,0.203125
toy_,0.34487179487179487,0.17578125
//,0.3141025641025641,0.23046875
Kunstchen.,0.267948717948718,0.19921875
Ski,0.267948717948718,0.2578125
