separator,rougeL_f1,rouge1_f1,rouge2_f1,train_score
Answer:,0.13550495306931523,0.1412369261192608,0.021942810345580443,0.14994939246661898
