separator,rougeL_f1,rouge1_f1,rouge2_f1,train_score
Answer:,0.1484039289890574,0.1570482136077387,0.016883778842527716,0.1489023237597247
