separator,train_score,test_score
A recent,0.7166666666666667,0.66796875
The present,0.6871794871794872,0.55859375
Zyzzy is,0.6717948717948719,0.60546875
(,0.6705128205128206,0.56640625
"t
s",0.6564102564102564,0.59375
