separator,train_score,test_score
Charity:,0.31153846153846154,0.22265625
Mak,0.31153846153846154,0.1953125
1.,0.31153846153846154,0.17578125
Vacc,0.31025641025641026,0.19140625
Q:,0.29615384615384616,0.21484375
