separator,train_score,test_score
Al,0.6076923076923076,0.515625
The world #,0.576923076923077,0.43359375
Stuart:,0.5615384615384615,0.37890625
"""A great",0.5615384615384615,0.42578125
S,0.5602564102564103,0.47265625
