separator,train_score,test_score
system,0.34615384615384615,0.40625
,0.29871794871794877,0.3125
line,0.29743589743589743,0.32421875
M,0.27179487179487183,0.33984375
{question},0.2692307692307693,0.30859375
