separator,train_score,test_score
in 18,0.3602564102564103,0.37890625
,0.32820512820512826,0.27734375
location,0.32564102564102565,0.22265625
Mort,0.29743589743589743,0.29296875
Syd,0.29743589743589743,0.2421875
