separator,rougeL_f1,rouge1_f1,rouge2_f1,train_score
In summary,0.16199530817668334,0.169483073539269,0.030664687496912146,0.15700344494899648
