separator,train_score,test_score
Decre RET simple nurturing Clancy,0.8602564102564104,0.62890625
118 OptimusAuto,0.7833333333333333,0.65625
ahs rust potencyhov,0.782051282051282,0.66015625
..............,0.7782051282051283,0.6328125
crossed brown flair Instant,0.7653846153846154,0.57421875
