separator,train_score,test_score
firmly,0.34487179487179487,0.33984375
opted Common617 Publishers,0.32820512820512826,0.29296875
117,0.3269230769230769,0.3828125
promising2020,0.3115384615384616,0.41015625
gif render,0.31153846153846154,0.21875
