separator,train_score,test_score
We have decided,0.7192307692307692,0.63671875
D. M,0.7038461538461538,0.6953125
An alternative method for,0.6730769230769231,0.6640625
B_V,0.6717948717948719,0.64453125
The most,0.6705128205128206,0.6484375
