separator,train_score,test_score
A lot of,0.7474358974358974,0.578125
. the film,0.7153846153846153,0.640625
", e.",0.6730769230769231,0.7109375
it is a great,0.6705128205128206,0.67578125
I said I,0.6692307692307693,0.59375
