separator,train_score,test_score
//,0.3448717948717949,0.328125
Stress in,0.34487179487179487,0.3125
Why am I,0.34487179487179487,0.21484375
Treatment of,0.32948717948717954,0.34765625
Q:,0.31410256410256415,0.2890625
