separator,sari,train_score
"Q:

What",50.516800880276115,51.35408617644849
"Q:

Using",51.88713051673485,51.074840418409316
Cognitive disorders like,46.948012559075536,49.760265607813274
How do a small dog,46.08779592958233,49.083643068378294
Kabla - An,47.13596204989648,48.38992995328037
