separator,train_score,test_score
"""not that",0.7653846153846154,0.609375
"""in his",0.75,0.64453125
I can see,0.7051282051282052,0.62109375
"""An early",0.7038461538461538,0.6796875
"""is",0.7038461538461538,0.66796875
