separator,rougeL_f1,rouge1_f1,rouge2_f1,train_score
"Q:

How",0.18836922507689444,0.20604554350703697,0.03708827836954822,0.21100797615196412
This page describes each year,0.20116646451038567,0.21890174843919125,0.043736190075687346,0.20712227769990424
Determinate: how,0.16398128597235948,0.17430887447299057,0.021562679370404413,0.20289973598934063
1. Field of the,0.18644980678455075,0.20472114089253662,0.03627135345539716,0.197901442503254
[The,0.16836607121055097,0.17905607303764556,0.02638026596870042,0.1974594451269235
