separator,train_score,test_score
arbitration,0.7525641025641027,0.70703125
feas,0.7371794871794871,0.66796875
olith,0.7358974358974361,0.62890625
to,0.735897435897436,0.6875
05 plateau grievances classic,0.7205128205128205,0.74609375
