separator,train_score,test_score
'E,0.8282051282051281,0.74609375
"-

's so",0.8128205128205128,0.74609375
Is it,0.8128205128205128,0.71484375
[elements],0.7358974358974358,0.76171875
"""



1",0.7346153846153846,0.65625
