separator,train_score,test_score
I can,0.6730769230769231,0.6640625
I mean yes,0.6576923076923077,0.69921875
I wish,0.6564102564102564,0.6640625
not so very,0.653846153846154,0.5390625
this should be,0.6423076923076924,0.6328125
