separator,train_score,test_score
"""as",0.3269230769230769,0.22265625
".

I get",0.3128205128205128,0.25
also it,0.31153846153846154,0.19921875
", good",0.31153846153846154,0.23046875
"""how many",0.31153846153846154,0.23828125
