separator,train_score,test_score
"""no other",0.7358974358974361,0.71484375
In his,0.7038461538461538,0.5703125
This year,0.6871794871794872,0.55859375
"""I actually",0.6730769230769231,0.65625
objective:,0.6397435897435898,0.546875
