separator,train_score,test_score
Django,0.3435897435897436,0.3046875
Chamfesta and,0.3435897435897436,0.31640625
//,0.3269230769230769,0.31640625
Cadmium compounds,0.31410256410256415,0.2578125
T-cell,0.31410256410256415,0.26953125
