separator,train_score,test_score
"""so",0.3448717948717949,0.32421875
"""yeah,",0.3307692307692308,0.2421875
on this list just about,0.33076923076923076,0.23828125
*,0.3153846153846154,0.24609375
"""it took",0.3153846153846154,0.18359375
