separator,train_score,test_score
Lever,0.8615384615384617,0.67578125
Exhin,0.8294871794871795,0.69921875
Disable,0.7794871794871795,0.55859375
urden,0.7666666666666668,0.6875
ato,0.7666666666666667,0.57421875
