separator,rougeL_f1,rouge1_f1,rouge2_f1,train_score
Answer:,0.19148683904507577,0.20267448901594862,0.03321196338995896,0.19419908284835238
