separator,train_score,test_score
information,0.532051282051282,0.3984375
"news

New",0.532051282051282,0.48046875
Killing of,0.5153846153846153,0.44140625
O,0.5025641025641026,0.41015625
F,0.48461538461538467,0.4609375
