separator,train_score,test_score
Dry weather was good,0.7230769230769231,0.6328125
Birds:,0.7192307692307692,0.734375
I-,0.7025641025641025,0.609375
"Indie, the other",0.6756410256410257,0.65625
We have,0.6730769230769231,0.6484375
