separator,train_score,test_score
NAME flu Marshall publicized,0.6269230769230769,0.640625
irie hitch drownMonitor,0.6243589743589744,0.58984375
ran engild,0.6102564102564102,0.51953125
ighting Robotsventh,0.6102564102564101,0.51953125
ledged Declaration Tam viewersoubtedly,0.608974358974359,0.58984375
