separator,rougeL_f1,rouge1_f1,rouge2_f1,train_score
In summary,0.16481562021299592,0.17706186484800324,0.02090485339682365,0.17169176469121758
