separator,train_score,test_score
urden VIDE Report Maybe,0.6269230769230768,0.55859375
poses,0.6269230769230768,0.42578125
Macro unheardporCHAT------------------------------------------------,0.5487179487179487,0.5390625
vengeresident religious,0.5333333333333333,0.5390625
emahide carrying,0.5166666666666668,0.46875
