separator,train_score,test_score
of genes and molecular,0.32948717948717954,0.234375
of a single gene,0.3128205128205128,0.25
"?

1",0.31025641025641026,0.2890625
",",0.2794871794871795,0.2890625
mode,0.267948717948718,0.265625
