separator,train_score,test_score
1.,0.7987179487179488,0.7421875
Vietnam.,0.7038461538461538,0.703125
Im,0.6576923076923078,0.6328125
L',0.6423076923076924,0.69921875
Brief Description,0.6423076923076922,0.59375
