separator,train_score,test_score
Subarachn,0.7346153846153846,0.703125
Buddhicch,0.7051282051282051,0.72265625
Bertrand,0.7025641025641026,0.72265625
"Subtle,",0.7025641025641025,0.6328125
Tagged,0.6871794871794872,0.734375
