separator,train_score,test_score
//	*,0.8897435897435898,0.73046875
#!/,0.8423076923076923,0.703125
#import,0.826923076923077,0.65625
Z,0.8141025641025641,0.69140625
Café Cés,0.8128205128205128,0.63671875
