separator,rougeL_f1,rouge1_f1,rouge2_f1,train_score
In summary,0.19872506598547526,0.21352206574444307,0.040340625847719726,0.19605447269213672
