separator,train_score,test_score
moan injury GangHatbourne,0.7192307692307692,0.64453125
inflation encompass,0.7064102564102565,0.70703125
Kur conversion relationships,0.7038461538461538,0.69140625
DisneyFULBride hyp,0.6897435897435897,0.6328125
mediationrehensible alliances FAA porch,0.6730769230769231,0.55859375
