separator,rougeL_f1,rouge1_f1,rouge2_f1,train_score
Answer:,0.17132394716423768,0.18166211902557072,0.022622494750258165,0.19668504196464787
