separator,train_score,test_score
Substantial amounts of,0.8294871794871795,0.765625
"Q:

Why",0.7358974358974358,0.66015625
"WATERFIELD,",0.7064102564102563,0.6328125
Bosun Bhab,0.6884615384615385,0.58203125
Stairbund,0.6756410256410257,0.66015625
