separator,train_score,test_score
besie ArchitectsletesFresh,0.7051282051282052,0.71484375
enormouslyesarheadersBe,0.691025641025641,0.6640625
inflation encompass,0.6435897435897436,0.61328125
tro,0.6269230769230769,0.54296875
Lesssix,0.6256410256410256,0.51171875
