separator,train_score,test_score
Between eagleStay 555,0.36153846153846153,0.44140625
Roberto seawlb TEST Terminal,0.34487179487179487,0.3515625
Cecil,0.3423076923076923,0.3984375
Selected broom,0.3282051282051282,0.32421875
sittingaldi robberies,0.3282051282051282,0.34765625
