separator,train_score,test_score
Zombie virus:,0.7512820512820514,0.65234375
Das Hö,0.7346153846153846,0.62109375
L,0.7333333333333333,0.62109375
How good are,0.717948717948718,0.6171875
//,0.7025641025641025,0.65625
