separator,train_score,test_score
Yanukovych Deborgalitarian,0.8589743589743589,0.58203125
aintsractical,0.8589743589743589,0.61328125
Yun Spock,0.8435897435897436,0.55859375
ties Favorite Telescopebest srf,0.8294871794871795,0.55859375
exec crystals iPad ClarePL,0.8282051282051283,0.5859375
