separator,train_score,test_score
If you can help,0.31410256410256415,0.3359375
# This file is,0.3141025641025641,0.4921875
Kamii M.,0.2833333333333333,0.16796875
[,0.2833333333333333,0.33984375
Couvert,0.2833333333333333,0.19140625
