separator,train_score,test_score
FOUR,0.7974358974358975,0.69140625
Q:,0.782051282051282,0.7734375
M,0.7666666666666667,0.73828125
S,0.7666666666666667,0.7421875
WOI,0.75,0.75390625
