separator,train_score,test_score
", it's a very",0.4076923076923077,0.38671875
A big,0.3756410256410257,0.32421875
the part,0.3756410256410257,0.328125
my first,0.36025641025641025,0.30859375
my,0.34487179487179487,0.35546875
