separator,sari,train_score
It reached Lark a,45.89465933846464,48.653931463662005
"For their baptism,",46.87446558276101,47.08763728794238
"The first day,",41.347568780401375,44.81925353603957
- I do not,37.68800933240077,44.621117675035514
is a poem,37.750432585263106,44.4549417098621
