separator,train_score,test_score
bourgeois EditorialBeaut,0.7358974358974361,0.66015625
enormous Systems macOS exhaust,0.7346153846153847,0.71875
iliated Iss adore,0.7217948717948718,0.671875
GW,0.7038461538461539,0.67578125
zombie extremes Bar,0.6884615384615385,0.6171875
