separator,train_score,test_score
Marathon Dirt,0.3487179487179487,0.40625
endiary450,0.317948717948718,0.4140625
feas,0.317948717948718,0.3671875
885ELFnyder msec,0.3166666666666667,0.359375
ato,0.3166666666666667,0.3671875
