separator,train_score,test_score
I've gone,0.7346153846153847,0.734375
A good few,0.7012820512820513,0.5234375
It's all,0.7,0.69921875
We know it,0.6858974358974359,0.67578125
also,0.6705128205128206,0.69921875
