separator,train_score,test_score
Virtue:,0.7012820512820513,0.49609375
Karen M. De,0.5948717948717949,0.53515625
NON-,0.5756410256410256,0.49609375
E,0.5615384615384615,0.42578125
S,0.5602564102564103,0.47265625
