separator,train_score,test_score
..............,0.5769230769230769,0.51953125
Motorsport 156 Metatron haw outlaw,0.5461538461538462,0.375
CALL state intraven 1927,0.5153846153846154,0.3984375
Slow Winnipegollenlah,0.5,0.44140625
Feinstein PALcurrently,0.5,0.33203125
