separator,train_score,test_score
Begin,0.8128205128205128,0.734375
cleanerewitnessorously,0.7820512820512822,0.69921875
ThereDL,0.7371794871794871,0.66796875
Paynekn DOJophon,0.735897435897436,0.65234375
gathers,0.7038461538461538,0.703125
