separator,train_score,test_score
St,0.3166666666666667,0.359375
Biology,0.31538461538461543,0.4453125
8,0.3153846153846154,0.36328125
Firmware Security,0.30256410256410254,0.38671875
Bold & Exp,0.30256410256410254,0.41015625
