separator,train_score,test_score
exhaPict sometimes,0.3128205128205128,0.2265625
rigsfloat Sound VERS,0.3115384615384616,0.16015625
Houses,0.31153846153846154,0.20703125
tents,0.29615384615384616,0.2421875
Alchemist interesting,0.29615384615384616,0.2421875
