separator,rougeL_f1,rouge1_f1,rouge2_f1,train_score
"Q:

What",0.23284672252303945,0.25698306612542277,0.05519586992332488,0.23489627483708267
"Q:

How",0.2290156600201192,0.25175584892282454,0.0579029834537926,0.21883584845206133
"Q:

Python",0.22139856881011255,0.2381726934719169,0.04925121278357522,0.20985001649716842
Biological diversity of the,0.2016124569680037,0.21967602081819682,0.04179382389331979,0.20612047622322727
"Q:

Why",0.21156970572737693,0.22747384980039265,0.04624692170797626,0.2015325249654641
