separator,rougeL_f1,rouge1_f1,rouge2_f1,train_score
"for

English:",0.2503625607901676,0.2811722063125147,0.0669095597575975,0.25240638048387715
"[:
The",0.21502461573868195,0.23585074102114742,0.04498712466990085,0.2378592299855944
I had to,0.19441238615501635,0.2100319825225249,0.028024748521177863,0.2251506851942203
Charles: he wants,0.20326289264559552,0.22077697250383074,0.03700259666973575,0.22160786575485858
Charles: so this,0.1995016765571884,0.22404496488172596,0.032077149380229666,0.21928300574377385
