separator,train_score,test_score
clinging soul,0.75,0.6484375
pond,0.75,0.7421875
cour,0.7474358974358976,0.703125
owe,0.7307692307692307,0.71484375
Putaughlin Sok galvan,0.7192307692307692,0.54296875
