separator,train_score,test_score
thunder,0.8115384615384615,0.58203125
loans Nurseر,0.782051282051282,0.671875
tro,0.762820512820513,0.6875
"sorry..."" aside",0.75,0.55859375
DisneyFULBride hyp,0.75,0.66796875
