separator,train_score,test_score
B,0.8743589743589743,0.58203125
J,0.8448717948717949,0.55078125
Zach,0.8282051282051283,0.59375
Kurak,0.8128205128205128,0.59765625
C,0.8,0.5390625
