separator,sari,train_score
zoningravioletContext rewritten dubbed,53.10805345387104,54.736495039817214
renown triv outage misunderstood,52.18592170488184,54.302436965541865
suggestive Up Conservatives dominates disturbing,52.948504446091846,54.01889703113025
Decre RET simple nurturing Clancy,51.82834739737704,54.00736186471256
Ethiopia licensesGamer involuntary,50.54455363868389,53.608860271823865
