separator,train_score,test_score
1. Field of the,0.5794871794871794,0.53125
We are glad,0.5333333333333333,0.51171875
There are so many,0.5025641025641026,0.45703125
D,0.5012820512820513,0.46484375
Channels - The Best,0.4705128205128205,0.50390625
