separator,train_score,test_score
Bundle Threadismsstack surrounds,0.767948717948718,0.62890625
amon Advertisementrox,0.7333333333333333,0.6484375
TodayIR enjoyment torture Sevent,0.7051282051282052,0.5859375
aimon,0.6858974358974359,0.63671875
^ happiestposureKeith,0.6730769230769231,0.64453125
