separator,train_score,test_score
inflated,0.767948717948718,0.65625
p,0.735897435897436,0.703125
an anchor,0.7205128205128205,0.65234375
{separator},0.7192307692307692,0.65234375
unbel,0.7038461538461538,0.52734375
