separator,rougeL_f1,rouge1_f1,rouge2_f1,train_score
yreApart alternativelySection jud,0.17800811110816875,0.18849675957250384,0.03609093150558461,0.192097304081754
ited debris justify706 flashed,0.1871324815815995,0.20031971581181934,0.042401034280055046,0.18610480070372168
chatterlightlyreportsiddler,0.1693693924467485,0.17836819733359227,0.03397530885295915,0.18268929312460777
Persian distributeme Aster,0.16535104012851684,0.1752920128370985,0.0338870833830447,0.18208412990735667
educ batting,0.15932013069483947,0.16930804268206276,0.024542498095726915,0.18207260233984193
