separator,train_score,test_score
Wildlife,0.3743589743589744,0.28125
cleanerewitnessorously,0.37435897435897436,0.2890625
opted Common617 Publishers,0.358974358974359,0.34765625
Household,0.3448717948717949,0.26171875
Macro unheardporCHAT------------------------------------------------,0.3448717948717949,0.25390625
