separator,rougeL_f1,rouge1_f1,rouge2_f1,train_score
In summary,0.16863521135997325,0.17621239524136328,0.024506823009282253,0.17275544504285323
