separator,train_score,test_score
F{,0.8435897435897436,0.6484375
[,0.841025641025641,0.640625
|  fraud {,0.8282051282051281,0.6484375
The,0.8128205128205128,0.61328125
It,0.8115384615384617,0.62890625
