separator,train_score,test_score
welcomes bi eatparticip historically,0.48589743589743595,0.51171875
Different,0.4705128205128205,0.5546875
real,0.4551282051282051,0.55859375
memos coast TraditionYD,0.4551282051282051,0.4375
"olving""},""SecretFortunately bundle",0.45384615384615384,0.46875
