separator,train_score,test_score
Ruby {:,0.32948717948717954,0.22265625
HD,0.27051282051282055,0.1875
Lib,0.2692307692307693,0.1328125
Lesssix,0.26666666666666666,0.44140625
generalized advisors,0.26666666666666666,0.21484375
