separator,train_score,test_score
Brief,0.7794871794871795,0.671875
This video,0.767948717948718,0.57421875
"#include """,0.7666666666666667,0.60546875
A new report,0.7512820512820514,0.6953125
The first time I,0.7346153846153846,0.6015625
