separator,sari,train_score
All images and other,46.895691572194686,49.68652330891975
& other references{separ,47.02969073473005,49.3175615654376
Category:Japanese,46.652024540531535,47.96897564866086
This page contains links,44.987555757791405,47.801238339723554
Motto and song of,47.47745172731477,47.739622592386844
