separator,train_score,test_score
#!/,0.7487179487179486,0.70703125
Dy,0.7346153846153846,0.76953125
//,0.7192307692307692,0.671875
J,0.7192307692307692,0.75
Zh,0.7192307692307692,0.6875
