separator,train_score,test_score
(,0.3769230769230769,0.375
population,0.33076923076923076,0.23046875
group? {,0.32948717948717954,0.25
-,0.3153846153846154,0.32421875
-centered figure,0.31410256410256415,0.234375
