separator,train_score,test_score
"""The film",0.358974358974359,0.30078125
"""this film",0.3589743589743589,0.3203125
"""The movie",0.3435897435897436,0.2890625
this video,0.3128205128205128,0.32421875
it,0.3128205128205128,0.21875
