separator,sari,train_score
trenchesulton Enlightenment typically accordingly,52.058314913293614,52.824720630595635
confidently Ecuadoruitous Durctic,52.09665298963273,52.493422021632895
facult psycho divul transplantPop,51.34698834144622,52.24601209870565
ties Favorite Telescopebest srf,51.52592217266905,52.0913271869807
NAME flu Marshall publicized,52.20815989808543,51.63945944177674
