separator,train_score,test_score
Inkjet:,0.6730769230769231,0.56640625
#include <,0.6256410256410256,0.578125
/* SPDX-,0.5935897435897436,0.55859375
#ifnd,0.5756410256410256,0.42578125
A brief survey of the,0.5641025641025641,0.41796875
