separator,train_score,test_score
// CodeMirror,0.3769230769230769,0.31640625
#!/bin,0.3282051282051282,0.171875
B,0.2974358974358974,0.27734375
8.8-,0.2974358974358974,0.19140625
#include,0.29615384615384616,0.16796875
