separator,train_score,test_score
ignantdates,0.641025641025641,0.58203125
ineries Rel Kath happy,0.641025641025641,0.62109375
fabricatedstakingvable,0.6243589743589745,0.578125
mitigating,0.6243589743589744,0.55078125
Rapids kindly,0.6243589743589744,0.671875
