separator,train_score,test_score
B,0.2974358974358974,0.27734375
Happiness,0.2974358974358974,0.3515625
,0.26666666666666666,0.25390625
D,0.26666666666666666,0.234375
on,0.24871794871794878,0.24609375
