separator,train_score,test_score
ledged Declaration Tam viewersoubtedly,0.5653846153846154,0.47265625
inburghrieved,0.5641025641025641,0.56640625
views,0.5051282051282051,0.4765625
facult psycho divul transplantPop,0.5,0.44921875
extend,0.5,0.4609375
