separator,train_score,test_score
To,0.7807692307692308,0.73046875
"objective

""living",0.7333333333333333,0.625
Suffered,0.7051282051282051,0.66796875
"""I can",0.7025641025641025,0.625
I,0.7012820512820512,0.58984375
