separator,train_score,test_score
c,0.841025641025641,0.60546875
A nice little,0.826923076923077,0.7421875
",",0.8256410256410257,0.60546875
The next year,0.8243589743589743,0.63671875
Bike,0.8141025641025642,0.59375
