separator,train_score,test_score
Queenslandakens,0.6384615384615385,0.66796875
urden VIDE Report Maybe,0.6243589743589745,0.66015625
Us Perez dash seeks,0.6243589743589745,0.51953125
iol,0.6064102564102564,0.64453125
sculpt directed bring,0.591025641025641,0.62890625
