separator,train_score,test_score
"awkward covenant"""""" raceert",0.7474358974358976,0.55078125
257 Monitor silhou,0.7333333333333333,0.58203125
pins statewide taxp,0.7025641025641025,0.68359375
identifier aur,0.6230769230769231,0.67578125
bright CCTV sad Disabled Inspector,0.6115384615384616,0.640625
