separator,train_score,test_score
To support the,0.7371794871794871,0.65625
At,0.7371794871794871,0.68359375
Evaluation of the,0.7217948717948718,0.64453125
L'argument,0.7064102564102563,0.69140625
Visa Program,0.7038461538461538,0.69140625
