separator,train_score,test_score
{rem,0.8923076923076924,0.6640625
concerned {,0.8602564102564102,0.66796875
{separator} up,0.8602564102564102,0.73046875
? {,0.8576923076923076,0.6953125
{parabrho,0.8435897435897436,0.6640625
