separator,train_score,test_score
-negative:,0.7628205128205129,0.625
is always positive and,0.75,0.53515625
", you are going",0.7487179487179486,0.58984375
"-preferring,",0.7474358974358974,0.62109375
"- a positive,",0.7358974358974358,0.53515625
