separator,train_score,test_score
to,0.735897435897436,0.6875
"objective

you might",0.7205128205128205,0.6171875
is probably,0.7038461538461538,0.6875
the number of,0.691025641025641,0.7421875
the problem is,0.6897435897435897,0.625
