separator,train_score,test_score
=,0.6256410256410256,0.5625
Q:,0.6243589743589744,0.5546875
1.,0.6102564102564102,0.54296875
**,0.5948717948717948,0.55078125
Induc,0.5948717948717948,0.56640625
