separator,sari,train_score
"Q:

Why",52.20631369669635,53.88193708407915
"/*
Copyright 2015",49.73328996129413,53.21893097923427
"Q:

How",49.97261513596219,52.810799454045934
"Q:

What",50.87253150826013,51.952003071978616
"Q:

Does",49.632954047062924,51.179709702637396
