separator,train_score,test_score
S,0.3435897435897436,0.26953125
C,0.3435897435897436,0.26171875
In,0.34102564102564104,0.31640625
the,0.32820512820512826,0.24609375
"""for years",0.3282051282051282,0.27734375
