separator,train_score,test_score
485,0.658974358974359,0.52734375
urgedgueroximatelydirect496,0.6397435897435898,0.49609375
supposedexclusive leafawaited,0.5923076923076923,0.59765625
Alchemist interesting,0.55,0.51953125
macro desolate emerging,0.55,0.46484375
