separator,train_score,test_score
tro,0.7346153846153846,0.73828125
supposedexclusive leafawaited,0.7333333333333334,0.55078125
enormouslyesarheadersBe,0.7333333333333333,0.73046875
oji Durant deeply,0.7320512820512821,0.72265625
grab,0.7192307692307692,0.69921875
