separator,train_score,test_score
real,0.6884615384615385,0.68359375
lifted,0.6717948717948719,0.65234375
mitigating,0.6717948717948719,0.671875
engaging Gö Opening,0.6576923076923078,0.640625
SIGNwhygel appellhot,0.6576923076923077,0.6171875
