separator,train_score,test_score
Fully,0.39358974358974363,0.359375
Immediately,0.3743589743589743,0.34375
Sydney,0.34487179487179487,0.31640625
Babylekko,0.3435897435897436,0.3203125
,0.32820512820512826,0.27734375
