separator,train_score,test_score
All this,0.7641025641025642,0.79296875
:  {,0.75,0.59375
So that,0.714102564102564,0.64453125
in my opinion is,0.7051282051282052,0.65625
", as the effects of",0.7051282051282051,0.5703125
