separator,train_score,test_score
So,0.7512820512820513,0.6015625
' that is,0.7371794871794871,0.6953125
'the most,0.7230769230769231,0.6484375
He,0.717948717948718,0.58984375
A:,0.7051282051282052,0.69140625
