separator,train_score,test_score
card for,0.5153846153846154,0.51171875
M,0.514102564102564,0.47265625
"deals and then,",0.4987179487179487,0.48046875
. -,0.4833333333333333,0.5078125
", AP",0.482051282051282,0.47265625
