separator,train_score,test_score
"In general, any type",0.782051282051282,0.61328125
Can You Give It,0.7333333333333333,0.73046875
Discovery.,0.7179487179487178,0.6875
Vidya Siv,0.7166666666666667,0.65234375
Zi,0.6884615384615385,0.5625
