separator,rougeL_f1,rouge1_f1,rouge2_f1,train_score
Answer:,0.15688598976617107,0.16670467338867234,0.020021598513477377,0.16574797603094463
