separator,train_score,test_score
"Jenny's ""D",0.3769230769230769,0.2109375
Chronic bronch,0.3307692307692308,0.2265625
Can't help,0.33076923076923076,0.23828125
Biology & Genetics,0.33076923076923076,0.23828125
=,0.3166666666666667,0.26953125
