separator,train_score,test_score
Principal rarityMalley,0.3435897435897436,0.3359375
arrange Burgesspicking Corm Mary,0.32948717948717954,0.25
plaintiff WiFicardsassemb,0.32820512820512826,0.25390625
his,0.32564102564102565,0.24609375
iably,0.31410256410256415,0.3828125
