separator,train_score,test_score
as an example,0.7166666666666667,0.75
"a """,0.691025641025641,0.640625
c,0.691025641025641,0.6953125
. An excellent read of,0.6897435897435897,0.60546875
: a movie you get,0.6871794871794872,0.66015625
