separator,train_score,test_score
"Bishop,",0.5346153846153847,0.4140625
-reference-video,0.5153846153846154,0.53125
".

New",0.4871794871794871,0.45703125
The Office of,0.47179487179487173,0.44921875
,0.4705128205128205,0.37890625
