separator,rougeL_f1,rouge1_f1,rouge2_f1,train_score
Medline,0.17052780162714376,0.1800230620726318,0.02117570927337636,0.18998107439722037
Claim ingested,0.17688041328286244,0.18707231998620663,0.02624142671599502,0.18728035957362754
vec identifiable visible438 dynamically,0.18144386502944557,0.19600671387107255,0.032931166515422855,0.1872800219267245
Conclusion Rap,0.179080687502515,0.1915426492694625,0.030997006457010538,0.1870640314066578
brid Volunteermit,0.16752607803539404,0.17710471657326274,0.022762795220076702,0.18664233598066396
