separator,train_score,test_score
If you’,0.8589743589743591,0.671875
// Copyright 2009 The Go,0.7974358974358975,0.671875
// Copyright (c),0.7346153846153847,0.55859375
We're,0.6717948717948719,0.640625
We use cookies to,0.6217948717948718,0.6796875
