separator,sari,train_score
Indonesian warlord,44.25481858692194,49.699907171883225
Founded by @J,44.622246577135726,49.3774994690168
"Suspension, suspended",45.44105088880448,49.05939260047882
"Q:

How",46.942925107559375,48.689018411294896
A year in our lives,46.08829027256106,48.460340158082886
