separator,train_score,test_score
"""how many",0.7974358974358975,0.640625
"""so let",0.7064102564102563,0.63671875
One is,0.7038461538461538,0.6953125
"""and this",0.7025641025641026,0.5703125
#,0.6730769230769231,0.6875
