separator,train_score,test_score
"betting

W",0.517948717948718,0.5859375
C,0.5012820512820514,0.3984375
S,0.46923076923076923,0.4375
Al,0.4397435897435898,0.4296875
Ch,0.4384615384615385,0.43359375
