separator,train_score,test_score
{separator} Positive,0.7974358974358975,0.671875
positive-,0.7807692307692308,0.6328125
negative energy,0.7166666666666668,0.6328125
disapproval,0.7166666666666667,0.51171875
(or negative,0.6871794871794872,0.43359375
