separator,train_score,test_score
[Laparoscopic,0.6397435897435898,0.58203125
Vietnam – The,0.5794871794871794,0.44140625
Zombie virus: The,0.5641025641025641,0.49609375
Biology in the,0.5641025641025641,0.5
A number of,0.5333333333333333,0.48046875
