separator,train_score,test_score
furtimbabwe,0.735897435897436,0.671875
TRY,0.7346153846153847,0.7265625
"amel""))",0.7346153846153846,0.71484375
Reallyalyses,0.717948717948718,0.68359375
Exc,0.7179487179487178,0.71875
