separator,train_score,test_score
"(a, i.",0.7987179487179487,0.7265625
an awful,0.7205128205128205,0.69921875
a well,0.7205128205128205,0.5703125
but,0.6435897435897436,0.5546875
expect the,0.6269230769230769,0.5546875
