separator,train_score,test_score
TAIN USCš,0.7512820512820513,0.66796875
"adding hotel ""{",0.7333333333333333,0.6953125
Studieshoundconservzi,0.6717948717948717,0.64453125
forceful murky572 deeply ter,0.6692307692307693,0.58984375
asidefill,0.6692307692307692,0.54296875
