separator,train_score,test_score
'',0.7038461538461539,0.61328125
This article,0.6743589743589744,0.609375
I'll,0.6730769230769231,0.625
(see,0.6717948717948719,0.5390625
- ',0.6717948717948717,0.58203125
