separator,sari,train_score
"""Then She",53.61830487748662,53.5755199097948
After Dionysus and,49.03417356521546,49.22525477375571
This is a new,45.29625591399814,47.36494324444075
By giving this,47.530570984949975,47.12667237041693
Crown of,43.550811461398595,45.723042286305045
