separator,train_score,test_score
It's time,0.7217948717948717,0.6328125
"Lately,",0.6717948717948717,0.65625
It's,0.6576923076923077,0.55078125
One,0.6256410256410256,0.58203125
A total of,0.5974358974358974,0.5234375
