separator,train_score,test_score
: A Complete,0.6717948717948719,0.65234375
The world's,0.6705128205128206,0.65234375
B,0.6410256410256411,0.64453125
Dirty,0.6397435897435898,0.6875
A new study,0.6256410256410256,0.64453125
