separator,sari,train_score
Answer:,32.44560571280512,33.17241532357993
