separator,train_score,test_score
ran engild,0.6871794871794872,0.63671875
Yun Spock,0.6423076923076922,0.63671875
countSHIP debugger Mong,0.6282051282051282,0.65234375
Cole Bang,0.6282051282051282,0.61328125
cour,0.6256410256410256,0.59765625
