separator,train_score,test_score
Advanced,0.8256410256410257,0.7734375
[a negative verb,0.8141025641025641,0.69921875
+ The next,0.7961538461538462,0.70703125
(c,0.7961538461538462,0.72265625
(also called [,0.7794871794871795,0.8046875
