separator,train_score,test_score
",",0.28205128205128205,0.21484375
,0.2512820512820513,0.19140625
{,0.22051282051282048,0.19140625
or adjective/,0.21923076923076926,0.18359375
name,0.2025641025641026,0.1640625
