separator,train_score,test_score
(and it,0.3589743589743589,0.28125
also,0.34487179487179487,0.2265625
not as,0.3423076923076923,0.2421875
beware,0.3423076923076923,0.24609375
too,0.3423076923076923,0.34765625
