separator,train_score,test_score
What's,0.7487179487179486,0.65234375
P,0.7038461538461538,0.625
2,0.7025641025641025,0.57421875
K,0.6897435897435897,0.63671875
On,0.6884615384615385,0.61328125
