separator,sari,train_score
"olving""},""SecretFortunately bundle",52.53320137435327,52.46250751538081
center sexism alteration Energy,45.933494277655335,48.724063469558914
amphetamine Absdated660 conducted,47.98261137032894,47.990297712888115
Reason condemn improper superb,45.330202888999,47.502427350968276
Raw Eld Black hardly,46.9293727306805,47.28275661591534
