separator,sari,train_score
"That winter the city,",53.393458206776465,53.98303867964811
In the preceding days and,52.284278900513826,52.82540028471181
"""The holy name was",51.88221465531914,51.41965206397179
"The king then, as",49.876136505381034,49.66776274590852
(and then the,49.153001229752796,49.055174829509795
