separator,rougeL_f1,rouge1_f1,rouge2_f1,train_score
In summary,0.19656622790096753,0.20455200962238246,0.03037524058335216,0.20180551732120602
