separator,train_score,test_score
ONDON hospitality theology Blackhawks,0.8128205128205128,0.50390625
Webster spherical Lions supervisor,0.8128205128205128,0.5234375
Saf contam,0.8128205128205128,0.51171875
DeepChristian grooveoried,0.8128205128205128,0.5078125
Decre RET simple nurturing Clancy,0.8128205128205128,0.5078125
