separator,train_score,test_score
Buch,0.717948717948718,0.6640625
Cecil,0.717948717948718,0.671875
Environmental Warridge,0.717948717948718,0.6484375
Selected broom,0.6743589743589744,0.62890625
Scottish Numerous,0.6730769230769231,0.57421875
