separator,rougeL_f1,rouge1_f1,rouge2_f1,train_score
Answer:,0.15666867804796228,0.16455742552353006,0.013182773109341846,0.16302712224582577
