separator,train_score,test_score
[This is a,0.4205128205128205,0.37890625
This is my original work,0.39230769230769236,0.32421875
It means you,0.3602564102564103,0.43359375
As,0.3602564102564103,0.34765625
Featuring a,0.3448717948717949,0.26171875
