separator,train_score,test_score
i believe,0.4666666666666667,0.39453125
"""it's",0.4371794871794871,0.3984375
the film is,0.3884615384615385,0.3984375
you always,0.3884615384615385,0.36328125
some,0.3756410256410257,0.29296875
