separator,train_score,test_score
by K,0.34487179487179487,0.24609375
Roc,0.3435897435897436,0.22265625
/,0.29743589743589743,0.23828125
2,0.2974358974358974,0.32421875
R,0.28076923076923077,0.2109375
