separator,train_score,test_score
loans Nurseر,0.7346153846153847,0.515625
urgedgueroximatelydirect496,0.7205128205128205,0.6171875
485,0.7192307692307691,0.58984375
Persian distributeme Aster,0.7038461538461538,0.51171875
faint Must transplant stickers,0.6897435897435897,0.5625
