separator,train_score,test_score
Who is David,0.29743589743589743,0.32421875
What is H,0.2974358974358974,0.234375
D,0.28076923076923077,0.19921875
Where was John,0.26666666666666666,0.2734375
Answers and,0.26410256410256416,0.31640625
