separator,rougeL_f1,rouge1_f1,rouge2_f1,train_score
"This time, we",0.19401558039354383,0.21246239253470403,0.032813290461486976,0.2055057870741978
But now there's,0.1728091749615207,0.19262703428439892,0.021554150401719797,0.19621786059446275
In the,0.1701140238333038,0.18331781480037715,0.021073823856642117,0.19324148647702005
(They would,0.17293650818380524,0.18564683222987907,0.028542883590374823,0.1901519527075308
Do you see where you,0.18428361558819123,0.19486507512003687,0.028977539743870115,0.19007285027455004
