separator,train_score,test_score
TAIN USCš,0.8141025641025641,0.53125
memos coast TraditionYD,0.8141025641025641,0.55078125
ition Cisco,0.8141025641025641,0.50390625
gregparamsdesktop,0.8141025641025641,0.515625
Ukraine Prattpos,0.8141025641025641,0.5078125
