separator,train_score,test_score
"""He",0.4076923076923077,0.32421875
[,0.3756410256410257,0.30859375
To see it,0.3756410256410257,0.24609375
4.12.,0.3730769230769231,0.4140625
2:09 p.,0.3615384615384615,0.29296875
