separator,rougeL_f1,rouge1_f1,rouge2_f1,train_score
Answer:,0.15543686189713246,0.16203400136009752,0.01499925629963101,0.16928190946675178
