separator,train_score,test_score
with high production,0.7346153846153847,0.5859375
styl,0.673076923076923,0.6953125
of b,0.6551282051282052,0.5546875
of N,0.6423076923076924,0.5546875
.  {,0.6256410256410256,0.68359375
