separator,train_score,test_score
I just found 3,0.46923076923076923,0.41796875
I've got some,0.4064102564102564,0.36328125
,0.3756410256410257,0.390625
By Jeff Stein,0.3743589743589743,0.31640625
The FBI,0.36025641025641025,0.41796875
