separator,train_score,test_score
Teams cessucklesWay,0.8282051282051281,0.75
使 upward1978Old,0.7961538461538462,0.7421875
embarrassedenteLiverpoolipperstellar,0.7807692307692309,0.7265625
gif render,0.7807692307692309,0.70703125
transsexual Conj,0.7807692307692308,0.64453125
