separator,train_score,test_score
Lux,0.6423076923076922,0.62890625
Citadel City,0.641025641025641,0.68359375
The European Commission,0.6282051282051282,0.5390625
Called the C-,0.6076923076923076,0.48828125
1 / 4,0.5961538461538461,0.57421875
