separator,train_score,test_score
JER,0.8141025641025642,0.55078125
Johannes,0.8141025641025642,0.55859375
Dylan,0.8141025641025641,0.515625
M,0.8141025641025641,0.50390625
NASHVILLE,0.8141025641025641,0.51171875
