separator,train_score,test_score
"and negative

This",0.7974358974358975,0.80078125
every new,0.7641025641025642,0.6796875
We know it,0.6564102564102564,0.66796875
. {,0.6538461538461539,0.67578125
is,0.6512820512820513,0.578125
