separator,train_score,test_score
In,0.5025641025641026,0.4296875
Art,0.4551282051282051,0.37109375
Facebook Twitter,0.4384615384615385,0.38671875
New,0.4371794871794871,0.359375
&,0.4371794871794871,0.37109375
