separator,sari,train_score
entering schemesImproved,49.13746378112437,50.345016499332985
creationSerial,44.459599750762614,48.13797671957467
Refer orche Arbor,42.398002427371104,46.19025131896014
gelatin fairlycussion condition Label,44.549462972294954,45.852375206468146
antic defended Unifiedimmune,42.76196508970894,45.21853912654825
