separator,train_score,test_score
(,0.782051282051282,0.703125
[1],0.7487179487179488,0.68359375
"(4,",0.7346153846153847,0.703125
rating at 10.,0.7346153846153847,0.6796875
"(more ""ne",0.6730769230769231,0.640625
