separator,train_score,test_score
One,0.8897435897435898,0.7421875
A British court,0.7794871794871795,0.72265625
Roughly,0.7641025641025642,0.7265625
Cleveland,0.7512820512820514,0.71875
Maj,0.7192307692307691,0.74609375
