separator,train_score,test_score
Banks tell us,0.43589743589743596,0.37890625
Citrus,0.4051282051282052,0.3828125
"1/2"" x",0.38974358974358975,0.43359375
A few months ago,0.37435897435897436,0.3359375
A young Palestinian,0.36025641025641025,0.28125
