separator,train_score,test_score
The United States has conducted,0.6897435897435897,0.66015625
The following,0.6871794871794872,0.58203125
Dennis Mc,0.6564102564102564,0.71484375
It seems like a,0.6564102564102564,0.55078125
EVERY,0.6564102564102564,0.50390625
