separator,train_score,test_score
"""This '",0.6576923076923077,0.6953125
"""[",0.6115384615384615,0.53125
The writer's favorite movie,0.6115384615384615,0.58984375
"""totally",0.5948717948717948,0.49609375
The world,0.5923076923076923,0.59765625
