separator,rougeL_f1,rouge1_f1,rouge2_f1,train_score
Answer:,0.16082009824362006,0.16697718864486258,0.013335485618586598,0.16424830714165725
