separator,train_score,test_score
Hatch dynasty,0.75,0.67578125
Different,0.75,0.69921875
forceful murky572 deeply ter,0.7487179487179487,0.609375
qualfriends Fried,0.7487179487179487,0.68359375
"glands☆ innocence Kali...""",0.7474358974358976,0.55078125
