separator,train_score,test_score
Naughty,0.34615384615384615,0.328125
- See your favorite players,0.34615384615384615,0.3046875
Image copyright Reuters Image,0.31538461538461543,0.3046875
Sens. Joe Lieberman,0.2846153846153846,0.28125
,0.2512820512820513,0.2578125
