separator,sari,train_score
"1. Brian Shaw,",51.4413784414732,51.47025448387513
Celtic's 1 v,48.648863701906706,50.1292414528724
"The club,",44.1939733871654,46.92543261483693
At the same time V,44.80755485236564,46.62794163499227
Celtic's Patrick Di,45.039845052300166,45.33338999707202
