separator,rougeL_f1,rouge1_f1,rouge2_f1,train_score
In summary,0.18496357914929545,0.1929003579871795,0.02553584799133943,0.1847357007324785
