separator,sari,train_score
Simplification:,37.168782030223674,38.6016811408146
