separator,train_score,test_score
"""how",0.4064102564102564,0.40625
"""so",0.38974358974358975,0.41015625
[,0.3756410256410257,0.30859375
". bad

""",0.37564102564102564,0.33984375
that one's,0.3743589743589743,0.30859375
