separator,train_score,test_score
Beware!,0.7205128205128205,0.640625
Fifty percent,0.6743589743589744,0.6484375
AUSTIN (,0.6564102564102564,0.70703125
KANSAS CITY,0.6564102564102563,0.73828125
MORR,0.6435897435897436,0.6328125
