separator,train_score,test_score
: A Very,0.7807692307692309,0.7421875
This video,0.7192307692307692,0.54296875
A Canadian bank has,0.7038461538461538,0.4921875
To make that claim,0.7038461538461538,0.55859375
This,0.7012820512820512,0.50390625
