separator,train_score,test_score
itizens Lich,0.7987179487179488,0.5
Alchemist interesting,0.7987179487179488,0.51171875
Micro mesh,0.7987179487179488,0.578125
queries,0.7987179487179487,0.5390625
enormouslyesarheadersBe,0.7974358974358975,0.53515625
