separator,train_score,test_score
The city,0.8115384615384617,0.703125
: A Guide,0.7961538461538462,0.78515625
I love these,0.7794871794871795,0.69921875
Here,0.7628205128205129,0.6484375
This,0.7500000000000001,0.65625
