separator,rougeL_f1,rouge1_f1,rouge2_f1,train_score
It appears that when a,0.23613727089066336,0.2678426649623634,0.05844440340049072,0.22903635452606866
"On Tuesday,",0.2050240495959774,0.21860112741577997,0.032396700707117136,0.21331211012861054
"""The question is:",0.21122766035753016,0.23514138774378784,0.04013990073104742,0.20880416462853726
A group of men and,0.18262650428448166,0.1957570742654241,0.028579451849112383,0.20792823486069445
"On October 5th,",0.19955799776961647,0.2143735512270064,0.033507630166086835,0.2059362148999451
