separator,sari,train_score
Answer:,36.41871550457122,39.28388808133376
