separator,train_score,test_score
ithering clingingCamandem Mim,0.267948717948718,0.23828125
05 plateau grievances classic,0.26666666666666666,0.25390625
Donnell,0.25512820512820517,0.2890625
average foundations Migration,0.2538461538461539,0.296875
Stain Pharm participate Ath literature,0.2525641025641026,0.21484375
