separator,train_score,test_score
Utah,0.7474358974358974,0.65625
Pred meals Jere,0.7346153846153847,0.54296875
loans Nurseر,0.7192307692307692,0.61328125
itizens Lich,0.7038461538461538,0.61328125
Poké bloodstream prideudi Jenn,0.7038461538461538,0.57421875
