separator,train_score,test_score
WARRANTauthorTravel BindMod,0.7358974358974361,0.7421875
118 OptimusAuto,0.6884615384615385,0.765625
manageering asserts,0.658974358974359,0.68359375
imb amulet,0.658974358974359,0.65625
smirancaragon,0.6564102564102564,0.60546875
