separator,train_score,test_score
iably,0.40769230769230774,0.39453125
loops ClarkFore,0.3307692307692308,0.3359375
Ref origins,0.3307692307692308,0.25390625
goodness COVER panicrax,0.32948717948717954,0.24609375
creamyflationaining legislatures,0.32948717948717954,0.26953125
