separator,train_score,test_score
ific sidebar foundational,0.8448717948717949,0.6328125
ainment AND,0.8435897435897436,0.59375
tracksLisaSpecifically spooncellent,0.8423076923076923,0.52734375
cour,0.8282051282051283,0.71484375
nonex naive emotions,0.8282051282051283,0.55078125
