separator,train_score,test_score
ithering clingingCamandem Mim,0.7974358974358975,0.72265625
ION139537 summoning,0.7961538461538462,0.703125
accessing Pricing Harden Biblical INV,0.7807692307692308,0.73828125
05 plateau grievances classic,0.7807692307692308,0.7265625
aver Ask,0.7807692307692308,0.70703125
