separator,sari,train_score
"""The only reason we",52.18159616154926,52.3630926353732
"""That was a great",51.66350175927765,50.82978753223231
Last month the Washington,49.614593390031516,50.729879543749675
When you use this,50.98706794532496,49.20806360640978
When it comes to new,49.401524977204595,48.51786240164471
