separator,train_score,test_score
"Lately,",0.6269230769230768,0.4375
Called,0.6128205128205129,0.609375
"1/2""",0.5923076923076923,0.48046875
WWE on,0.5653846153846154,0.578125
"AUSTIN,",0.5641025641025641,0.46875
