separator,rougeL_f1,rouge1_f1,rouge2_f1,train_score
"olving""},""SecretFortunately bundle",0.20616866949832857,0.22589591584630025,0.04155599966882987,0.21422524827067663
scientPlex packed supermarkets,0.17268245479425584,0.1786069802016591,0.023030746205565417,0.1812825484472793
stubborn discount Robibi,0.16101841850935283,0.1692667111360846,0.0175443285627117,0.1805880627450266
fat Easy,0.16618986210892378,0.17202528142320733,0.01643498628851704,0.17582909892025445
leeve mosqueATING,0.15724264709263752,0.16454693569738618,0.017290836251467954,0.17392176763055878
