separator,train_score,test_score
",",0.36153846153846153,0.43359375
witness,0.3320512820512821,0.35546875
", in",0.3307692307692308,0.34375
Why and,0.32948717948717954,0.37890625
"name, but a relative",0.32948717948717954,0.29296875
