separator,train_score,test_score
,0.3756410256410257,0.390625
(no tower),0.3756410256410257,0.3359375
", in",0.3602564102564103,0.3125
",",0.3435897435897436,0.4140625
in,0.3282051282051282,0.26953125
