separator,train_score,test_score
"The man behind the """,0.7346153846153847,0.67578125
A new study,0.7192307692307692,0.6953125
To:,0.7179487179487178,0.65625
Citizen journalists are getting,0.7038461538461538,0.7265625
Vastly increased demand,0.6871794871794872,0.703125
