separator,rougeL_f1,rouge1_f1,rouge2_f1,train_score
Answer:,0.17571535765727497,0.1827770582337645,0.02030073202365865,0.19415000436101007
