separator,train_score,test_score
First,0.6102564102564102,0.54296875
Fox is,0.5487179487179488,0.52734375
Backed by,0.5487179487179487,0.515625
U2 on,0.5474358974358975,0.5703125
'U.,0.5461538461538462,0.58203125
