separator,train_score,test_score
485,0.75,0.703125
oji Durant deeply,0.7179487179487178,0.64453125
loans Nurseر,0.641025641025641,0.74609375
Persian distributeme Aster,0.641025641025641,0.6640625
impactingMaking projectile versagewater,0.6256410256410255,0.5546875
