separator,rougeL_f1,rouge1_f1,rouge2_f1,train_score
(,0.16817268542593536,0.17689513073475532,0.02178241272009107,0.19270611172021934
Charles: we like,0.163312711787628,0.174874943766151,0.018652108436362322,0.18987185394500475
Charles: the,0.1651541160655478,0.17921437804384996,0.01930434020157209,0.1859972347117991
"The Boss: """,0.1771558538031251,0.1844626985134097,0.02728051925546317,0.18154249393250738
[B,0.16399104928188396,0.17171859113973884,0.018041392551726425,0.18126074081766183
