separator,train_score,test_score
^ beat dues embod,0.4076923076923077,0.3515625
"glands☆ innocence Kali...""",0.4064102564102564,0.390625
welcomes bi eatparticip historically,0.3910256410256411,0.30859375
Hatch dynasty,0.38974358974358975,0.328125
bourgeois EditorialBeaut,0.3756410256410257,0.3515625
