separator,train_score,test_score
"""he",0.7192307692307693,0.6953125
This is,0.6871794871794872,0.5546875
"objective

""the",0.6833333333333333,0.671875
"""[t]",0.6384615384615385,0.65625
", objective,",0.6269230769230769,0.58984375
