separator,train_score,test_score
Tune in,0.7217948717948718,0.61328125
2 2/5,0.7217948717948718,0.609375
SENATOR D.,0.7038461538461538,0.5625
4.1,0.7038461538461538,0.61328125
1.2,0.6871794871794872,0.578125
