separator,sari,train_score
This year's Super,48.174780196187584,49.12815854392615
".

But this",48.46107330664712,48.87816273464901
"Couples,",47.48515071829517,46.66254496116036
Budget for,43.03322115439647,46.55089719043895
The Department of,43.5732554420705,45.4139324099782
