separator,train_score,test_score
#37;,0.6256410256410256,0.48828125
. {divider,0.6115384615384616,0.6171875
"industry business

B",0.6115384615384615,0.546875
Cleveland,0.5961538461538461,0.5703125
#39;,0.576923076923077,0.47265625
