separator,train_score,test_score
a strong,0.6589743589743591,0.6953125
f,0.6423076923076924,0.73046875
a self-,0.6423076923076924,0.75
a typical Hollywood,0.6384615384615385,0.53515625
An unfortunate consequence,0.6076923076923078,0.46875
