separator,train_score,test_score
[ edit ],0.7371794871794871,0.671875
There are countless,0.7038461538461538,0.62890625
""" he",0.6897435897435897,0.62890625
eval,0.6871794871794872,0.6953125
*,0.6730769230769231,0.63671875
