separator,train_score,test_score
Ralph Fiennes,0.7512820512820513,0.5234375
"For centuries, women",0.7333333333333333,0.67578125
Rookie RB James,0.7205128205128205,0.51953125
(,0.717948717948718,0.67578125
The new wave of,0.7179487179487178,0.6796875
