separator,train_score,test_score
$3,0.7987179487179487,0.5703125
(and negative neg,0.7833333333333333,0.59375
return positive.,0.7692307692307692,0.6171875
$,0.7679487179487179,0.61328125
"+

j",0.7679487179487179,0.5859375
