separator,train_score,test_score
| positive and,0.7307692307692307,0.62890625
sophistic,0.7205128205128205,0.67578125
negative negative,0.6564102564102564,0.49609375
disappro,0.6551282051282052,0.5078125
dispro,0.6435897435897436,0.62109375
