separator,sari,train_score
Answer:,34.53298543690573,35.0936089538124
