separator,train_score,test_score
,0.2512820512820513,0.2578125
(1),0.2076923076923077,0.28515625
-,0.19230769230769232,0.2734375
Other,0.18974358974358974,0.19921875
When you go,0.1769230769230769,0.2421875
