separator,rougeL_f1,rouge1_f1,rouge2_f1,train_score
In summary,0.1808547658692488,0.1888098308720355,0.02176996173768092,0.18404805123126794
