separator,train_score,test_score
DeepChristian grooveoried,0.8115384615384615,0.6875
Lann,0.7833333333333333,0.57421875
Prime,0.7820512820512822,0.58203125
officialsusc Marvel loes,0.782051282051282,0.6953125
Apocalypse garden,0.7807692307692308,0.70703125
