separator,rougeL_f1,rouge1_f1,rouge2_f1,train_score
In summary,0.1825559805612148,0.191233710029844,0.02108802357228353,0.1833438258260264
