separator,train_score,test_score
(,0.782051282051282,0.703125
In this episode,0.7512820512820514,0.71484375
(TNA,0.7346153846153846,0.71484375
"Greetings, adventurers!",0.7205128205128205,0.6953125
DALL,0.7179487179487178,0.6640625
