separator,train_score,test_score
firmly,0.691025641025641,0.6484375
winterstellararineggle,0.6551282051282052,0.671875
"awkward covenant"""""" raceert",0.6256410256410256,0.65234375
257 Monitor silhou,0.6102564102564102,0.5625
goose Finnish Justô,0.6102564102564102,0.5859375
