separator,train_score,test_score
".,ril",0.4205128205128205,0.328125
Same gunmanstudy,0.4051282051282052,0.390625
Refer orche Arbor,0.3910256410256411,0.2578125
WATCH Negro obvious observational YouTube,0.391025641025641,0.30859375
257 Monitor silhou,0.38846153846153847,0.328125
