separator,train_score,test_score
-society,0.7205128205128205,0.70703125
New Mys,0.7038461538461538,0.51171875
New,0.6743589743589744,0.57421875
net.,0.6743589743589744,0.62890625
Saudi Spokes,0.6730769230769231,0.5546875
