separator,train_score,test_score
a sadistic,0.7038461538461538,0.640625
"bob,",0.6743589743589744,0.65234375
(image via,0.6423076923076924,0.52734375
The video,0.6269230769230769,0.60546875
this girl,0.6256410256410256,0.7578125
