separator,train_score,test_score
Cynthia Taf,0.8282051282051281,0.5859375
Mariana was,0.8128205128205128,0.51953125
"AUSTIN, Texas",0.8128205128205128,0.5234375
A man has been,0.8128205128205128,0.515625
- 1-,0.8128205128205128,0.53515625
