separator,train_score,test_score
-negative:,0.7192307692307691,0.53125
. This property can be,0.7051282051282051,0.50390625
"as

-",0.6397435897435897,0.6484375
// See ',0.5794871794871794,0.55078125
//,0.5794871794871794,0.5078125
