separator,sari,train_score
Simplification:,35.31529130104538,37.3551150393779
