separator,train_score,test_score
understatement appropriately956 resurg Chairman,0.735897435897436,0.625
BetterheaderKeyinsula delve,0.7358974358974358,0.62109375
queries,0.7346153846153847,0.65234375
craw sacred,0.7192307692307692,0.62109375
cigarsoxide428,0.7051282051282052,0.59375
