separator,train_score,test_score
Episodeiosyncr charitable,0.6743589743589744,0.5859375
gaard spite soundingincinnati,0.6269230769230769,0.5546875
acle,0.6269230769230769,0.55078125
shortest STR 1300astically,0.6269230769230768,0.5546875
Pasleticorying seventeen,0.6102564102564101,0.48828125
