separator,train_score,test_score
Cole Bang,0.7192307692307692,0.55078125
Huge Could biGROUP,0.7179487179487178,0.640625
countSHIP debugger Mong,0.7166666666666667,0.51953125
MCphiairtual Charles,0.7038461538461538,0.5234375
overd purity hilarious,0.7025641025641025,0.5078125
