separator,train_score,test_score
Suff,0.7525641025641024,0.6171875
C.E.,0.6743589743589744,0.6015625
4,0.6743589743589744,0.61328125
Crazy,0.6576923076923077,0.59765625
There are times,0.6551282051282052,0.6015625
