separator,rougeL_f1,rouge1_f1,rouge2_f1,train_score
In summary,0.1663553571022758,0.17420545974475485,0.01827792472237349,0.17894986465422918
