separator,sari,train_score
loans Nurseر,45.09221580865051,47.72035814258759
picturesBILITIES meditation,43.4713456189441,46.25995381887654
steepファ Kak formatted,42.700900251889465,46.19728151153234
mediationrehensible alliances FAA porch,40.313962935475395,45.21343664569677
educ batting,41.557519074303784,44.19302038724825
