separator,sari,train_score
Eden v,45.28519010240191,48.75717859593799
"Basketball,",48.51595013538745,48.72359392910662
There was already an Olympic,41.201912654731295,45.01962418597491
The Marse,42.230017318267706,43.42971895329597
Ch,42.40053950716241,43.23015539840546
