separator,train_score,test_score
fun,0.5487179487179488,0.4453125
advers,0.4551282051282052,0.40234375
broccoli,0.4397435897435898,0.33203125
wide,0.4384615384615385,0.3671875
ol,0.4230769230769231,0.375
