separator,train_score,test_score
This,0.7794871794871795,0.671875
Roughly,0.7769230769230769,0.70703125
1 / 4,0.7666666666666667,0.69140625
"Travis Barker: """,0.7461538461538462,0.65625
Citadel City,0.7461538461538462,0.703125
