separator,train_score,test_score
the cast is,0.39230769230769236,0.3828125
the casting is,0.39230769230769236,0.40234375
The cast is,0.37692307692307697,0.37890625
"""this is",0.3756410256410257,0.38671875
"to hate """,0.358974358974359,0.3359375
