separator,rougeL_f1,rouge1_f1,rouge2_f1,train_score
Answer:,0.1697935565937722,0.17779420321268793,0.018686795762319502,0.17934646213052186
