separator,train_score,test_score
Note,0.7794871794871795,0.6796875
This,0.7500000000000001,0.65625
a knock,0.7487179487179487,0.53125
. You are now,0.7461538461538462,0.61328125
this,0.7333333333333333,0.5859375
