separator,train_score,test_score
Friedman ): 1991,0.7192307692307692,0.59765625
NH,0.7038461538461539,0.63671875
amon Advertisementrox,0.7038461538461538,0.6796875
42,0.6717948717948719,0.5703125
iltBerry,0.6576923076923077,0.60546875
