separator,sari,train_score
TodayIR enjoyment torture Sevent,46.284565634727855,48.58229169634481
Christopher Fast recycled ------ Balt,45.47717167065336,47.88155571589621
osate:[994 baptized Crunch,46.63182309819881,47.405072165842085
118 OptimusAuto,45.074321439520745,46.55899657235075
/*486 pussyunes grown,47.18925642615818,46.545043147073386
