separator,train_score,test_score
2 people,0.7025641025641025,0.640625
NerdWallet adheres,0.623076923076923,0.5625
3 -,0.5782051282051283,0.50390625
3:42,0.5012820512820513,0.53125
By,0.5012820512820513,0.51171875
