separator,train_score,test_score
-,0.7794871794871795,0.61328125
Duke Energy,0.7474358974358974,0.53515625
- Added,0.7333333333333333,0.69921875
Banks,0.7320512820512821,0.53125
I came across G,0.7307692307692307,0.58203125
