separator,sari,train_score
"Dramatic events,",48.995477528207196,50.875556706994196
It's an interesting and,48.84951230803578,48.476922012310766
What you,47.173054733513034,47.95714093023562
The University of,45.860625435215425,47.61886096033896
MILAN (,45.68118416394368,47.0478256656587
