separator,train_score,test_score
UCLA student,0.6743589743589744,0.6328125
New Cowboys head,0.6282051282051282,0.58984375
Chief of,0.6256410256410256,0.5
An aerial,0.6256410256410256,0.5546875
info,0.6256410256410256,0.5546875
