separator,rougeL_f1,rouge1_f1,rouge2_f1,train_score
worst restrictionsholtranslation Shake,0.16028239637401206,0.1698810427429913,0.022303993486091814,0.1887492013198659
combos YesterdayKeith Hem Houston,0.17057672962200485,0.1793606927116239,0.023810015040481698,0.18743173931853588
neutronKarl specifications Tips,0.16557329838727164,0.17575985234184427,0.01851072149613803,0.18398321182753258
opted Common617 Publishers,0.15047309909140222,0.15945357724419468,0.01342453663214992,0.18242210782948348
functionluck suggests policemen,0.15801951580566706,0.16837462995334482,0.01974635061267072,0.18118394611163963
