separator,train_score,test_score
By Mike Jones,0.717948717948718,0.55859375
4,0.7038461538461538,0.64453125
.@,0.6717948717948719,0.7109375
"1. The ""S",0.6551282051282052,0.69140625
Sebastian V,0.6423076923076924,0.640625
