separator,train_score,test_score
ivers induce sharply,0.3282051282051282,0.29296875
critic deductibleInf,0.3282051282051282,0.2109375
Web,0.3269230769230769,0.22265625
Scholars,0.3269230769230769,0.3203125
−,0.3269230769230769,0.21484375
