separator,train_score,test_score
", using Microsoft Office 2010",0.4576923076923077,0.4296875
By Mike,0.3602564102564103,0.4140625
One year later,0.33205128205128204,0.25390625
T-Mobile,0.3307692307692308,0.296875
Sandy K,0.32948717948717954,0.27734375
