separator,train_score,test_score
1. No.,0.6448717948717948,0.46875
On October 21st,0.6435897435897437,0.51171875
"ROME, Sept",0.6256410256410256,0.62109375
1 /,0.6256410256410256,0.515625
3 in. x,0.5961538461538461,0.52734375
