separator,sari,train_score
Answer:,35.83450288819963,39.94144565940319
