separator,train_score,test_score
arcade Polit Def Baal,0.7807692307692308,0.61328125
livestream LAN Vest,0.7807692307692308,0.65625
adaptediggle CastingECH,0.7666666666666667,0.67578125
topped jacket Cornwallliviousiblings,0.7653846153846153,0.609375
Settings cross BCCuras aliens,0.764102564102564,0.55859375
