separator,train_score,test_score
TAIN USCš,0.735897435897436,0.765625
possible booster bogsound Krypt,0.7192307692307691,0.5703125
Rug aster,0.6871794871794872,0.64453125
famous Dinosaur miracle geared,0.6858974358974359,0.60546875
equal shin,0.6846153846153846,0.51171875
