separator,train_score,test_score
as irritating and,0.4384615384615385,0.4375
that,0.43717948717948724,0.35546875
"""just",0.42435897435897435,0.38671875
"""",0.4217948717948718,0.359375
this is another,0.4076923076923077,0.3984375
