separator,rougeL_f1,rouge1_f1,rouge2_f1,train_score
Friedman ): 1991,0.188285184181446,0.1974774331975575,0.024234015618472292,0.2010421502270681
sus 560`.fil selections,0.18708365547453573,0.19590470525816434,0.027855180033577072,0.2010266179264787
372 Kou Blackburnidal Information,0.1780519298080435,0.18809557738834148,0.024373390960924078,0.19936477314396936
Haw Translationfariousllers SNP,0.18272415014527452,0.18985096714434072,0.024636472572753716,0.1993591086375213
assemb=-initial proposals,0.1864465305837971,0.19418226309576833,0.02652376616587803,0.1988096807182273
