separator,train_score,test_score
", and iTr",0.8141025641025642,0.53125
by Scott L,0.8141025641025642,0.50390625
"HARRISON, N",0.8141025641025642,0.50390625
Kas,0.7987179487179488,0.51953125
Halo®,0.7987179487179488,0.5234375
