separator,train_score,test_score
ers Abel,0.36153846153846153,0.30078125
ends,0.3474358974358974,0.26953125
mt Mirage,0.3474358974358974,0.25390625
Meditation Elias,0.34615384615384615,0.2734375
Rasm,0.3435897435897436,0.2890625
