separator,train_score,test_score
In,0.5025641025641026,0.4296875
".


.",0.48589743589743595,0.39453125
As I looked around,0.45384615384615384,0.3828125
On December 7,0.4230769230769231,0.37890625
This article originally,0.4230769230769231,0.3359375
