separator,train_score,test_score
ivable Ratio breast,0.6564102564102564,0.58984375
memos coast TraditionYD,0.6423076923076924,0.671875
forceful murky572 deeply ter,0.5807692307692307,0.6171875
Fill ETH shortcuts,0.5794871794871794,0.52734375
enormous Systems macOS exhaust,0.5641025641025641,0.5859375
