separator,train_score,test_score
Rent this,0.7807692307692309,0.60546875
Polar,0.7666666666666667,0.66796875
I started off,0.7653846153846154,0.578125
Rome,0.7512820512820514,0.51171875
A second court,0.7512820512820513,0.59375
