separator,sari,train_score
Answer:,36.76596607532653,37.945073145265454
