separator,sari,train_score
chargThough,51.22785172265779,51.81366209124636
NAME flu Marshall publicized,47.916877141944944,49.60342006383461
spit segment profession VERY presents,45.40794783582104,46.88683298112758
tracksLisaSpecifically spooncellent,43.578946238306266,45.10093055239398
believer enroll outcry Finder My,42.88684994803746,44.68209286451897
