separator,train_score,test_score
unny Pru on,0.6102564102564102,0.56640625
oji Durant deeply,0.5948717948717948,0.59765625
Delta Ans,0.5935897435897436,0.578125
Pred meals Jere,0.5923076923076923,0.51953125
exhaPict sometimes,0.5910256410256409,0.51953125
