separator,sari,train_score
Historical period of the H,51.21535469831107,50.65755892446386
The Japanese (,49.222973063952594,50.5266633308563
1. The Music Museum,46.06931641976745,48.011007700994455
Music museum of,45.73806188546185,46.61716719402574
Records in the,47.50666189828369,46.24456524663302
