separator,train_score,test_score
arrange Burgesspicking Corm Mary,0.3435897435897436,0.23046875
${ Sessions 1895,0.3141025641025641,0.2734375
loops ClarkFore,0.23461538461538461,0.19140625
NH,0.23461538461538461,0.19921875
recovered,0.23461538461538461,0.1953125
