separator,train_score,test_score
phenomena tee,0.4230769230769231,0.43359375
widened,0.39230769230769236,0.37109375
halluc Pyrrhaearth inflicboy,0.3423076923076923,0.29296875
Professional,0.31153846153846154,0.35546875
minutes,0.31153846153846154,0.26171875
