separator,sari,train_score
"""I see you're",53.046733069896476,53.61557890924764
"""What they want is",50.94859895636894,51.866070473348735
".

When you",50.12717692922235,51.61928402003896
"- ""Guns and",50.39108455801945,51.28618956787211
When I say I,47.45397191982286,50.464916185108166
