separator,train_score,test_score
because of everyone,0.7525641025641027,0.671875
's in the,0.667948717948718,0.67578125
"-

l",0.6576923076923078,0.609375
{s,0.6576923076923077,0.6484375
[,0.6551282051282052,0.67578125
