separator,sari,train_score
Simplification:,38.0891858294468,38.8602767432364
