separator,train_score,test_score
securing torso,0.2974358974358974,0.3046875
Ä genomes southwest Marsh,0.2833333333333333,0.21484375
neutronKarl specifications Tips,0.28205128205128205,0.28515625
dmasher domest glean Trust,0.28076923076923077,0.1875
Medline,0.28076923076923077,0.33203125
