separator,train_score,test_score
", subjective,",0.608974358974359,0.53515625
"""by far",0.5628205128205128,0.58203125
", subjective is another way",0.558974358974359,0.484375
"objective

""the",0.55,0.51171875
": ""While a lot",0.5333333333333333,0.5546875
