separator,train_score,test_score
: A Very,0.5910256410256409,0.46875
Grammel wrote a,0.558974358974359,0.48046875
The top three,0.5474358974358975,0.62109375
: A study of the,0.5435897435897437,0.47265625
Darrell is very,0.5179487179487179,0.55078125
