separator,train_score,test_score
T,0.32820512820512826,0.24609375
R,0.3282051282051282,0.26953125
K,0.3128205128205128,0.265625
N,0.31153846153846154,0.2890625
S,0.29743589743589743,0.24609375
