separator,train_score,test_score
"In April 2014,",0.8435897435897436,0.5859375
Birds of a feather,0.8435897435897436,0.625
Venezuelan President,0.8282051282051283,0.51171875
C.O.S,0.826923076923077,0.55078125
(,0.8128205128205128,0.51953125
