separator,train_score,test_score
"Preston, PA",0.8128205128205128,0.5234375
1.7GHz,0.7974358974358975,0.50390625
Predict.info presents,0.7974358974358975,0.5078125
M,0.7974358974358975,0.50390625
Bobby,0.7974358974358975,0.50390625
