separator,sari,train_score
"""This whole",50.96602904710162,51.10759018231855
In what's shaping up,49.433515091784024,51.10180562812483
We're all in,49.896057456731214,50.5690346934846
I thought that I'd,50.28816515339871,50.546587675156175
Tiger (,47.47263046485239,50.4763661554171
