separator,train_score,test_score
urden,0.6128205128205129,0.55078125
fridge Nit })ucha players,0.6115384615384615,0.48046875
Disable,0.5948717948717948,0.54296875
inburghrieved,0.5948717948717948,0.55859375
overrideFive,0.5948717948717948,0.51953125
