separator,train_score,test_score
This is a,0.6692307692307692,0.5
",",0.667948717948718,0.5234375
"""",0.6564102564102565,0.7109375
MILWAUK,0.6564102564102564,0.65625
"In April, the company",0.6512820512820514,0.56640625
