separator,train_score,test_score
ledged Declaration Tam viewersoubtedly,0.3884615384615385,0.41796875
trenchesulton Enlightenment typically accordingly,0.37435897435897436,0.265625
ainment AND,0.3730769230769231,0.3671875
trainers,0.36153846153846153,0.359375
Sh selfie horsesnih guiName,0.3589743589743589,0.4140625
