separator,train_score,test_score
This sort of,0.6846153846153846,0.56640625
",",0.667948717948718,0.5234375
"and positive

t",0.6576923076923077,0.58203125
"""",0.6564102564102565,0.7109375
by writing,0.641025641025641,0.64453125
