separator,train_score,test_score
"""",0.4217948717948718,0.359375
This morning,0.4217948717948718,0.375
',0.3910256410256411,0.375
- This is the,0.3910256410256411,0.32421875
/u/g,0.3910256410256411,0.37890625
