separator,train_score,test_score
",

D",0.7807692307692308,0.6953125
", the new",0.7628205128205129,0.703125
", v",0.7474358974358974,0.765625
", a real",0.735897435897436,0.75390625
", with effects",0.7346153846153847,0.69140625
