separator,sari,train_score
Simplification:,35.385286343947364,35.1956380081455
