separator,train_score,test_score
Roughly,0.6705128205128206,0.58984375
Banks,0.6243589743589744,0.5234375
The government,0.5948717948717949,0.5
Vince Verhei/,0.5794871794871794,0.5078125
Catherine F. F,0.5782051282051283,0.546875
