separator,sari,train_score
Simplification:,37.359885416604364,41.869905628838254
