separator,train_score,test_score
Sylvester We,0.36025641025641025,0.2421875
Featuring a series,0.34487179487179487,0.21484375
"A few days ago,",0.3282051282051282,0.21484375
A,0.3282051282051282,0.25
L,0.31410256410256415,0.1953125
