separator,train_score,test_score
"Q:

Can",0.7794871794871795,0.69921875
On,0.7794871794871795,0.5859375
The invention relates,0.7653846153846153,0.59765625
"Q:

D",0.7333333333333333,0.61328125
Tumor necrosis factor is,0.7205128205128206,0.66796875
