separator,train_score,test_score
[Effect of the,0.5782051282051283,0.4765625
"""My mission:",0.5641025641025641,0.52734375
Celebrate the,0.5641025641025641,0.4765625
Karl,0.5602564102564103,0.4375
Lot of,0.5333333333333333,0.52734375
