separator,train_score,test_score
OIL IN,0.6102564102564102,0.51953125
Liver,0.6102564102564102,0.44921875
V,0.5948717948717948,0.4453125
W,0.5948717948717948,0.40234375
L,0.5935897435897435,0.4296875
