separator,train_score,test_score
HONG KOS,0.8576923076923076,0.6875
Diplophora,0.8448717948717949,0.640625
"---
abstract:",0.8448717948717949,0.58984375
Villa Rom,0.8448717948717949,0.64453125
"1,5-",0.8294871794871795,0.5546875
