separator,rougeL_f1,rouge1_f1,rouge2_f1,train_score
Answer:,0.1855977759443453,0.20011421978543475,0.02898797398527867,0.18820382234221372
