separator,train_score,test_score
manipulations apache$.[]{ adversary,0.6730769230769231,0.6484375
rocyte,0.6717948717948719,0.55859375
championships+/ hobby,0.6423076923076924,0.59765625
798rangian,0.6397435897435898,0.5546875
daredptobery,0.6269230769230769,0.55859375
