separator,train_score,test_score
Heel,0.6256410256410256,0.37109375
W,0.5948717948717948,0.40234375
Echocercal,0.5948717948717948,0.484375
L,0.5935897435897435,0.4296875
<mod,0.5807692307692307,0.5703125
