separator,train_score,test_score
the viewer can,0.6564102564102564,0.6015625
The film is,0.6256410256410256,0.625
the film has,0.6243589743589744,0.60546875
the movie,0.6102564102564102,0.54296875
-- in a,0.6076923076923076,0.49609375
