separator,sari,train_score
Visual burden incon,44.45250129814469,47.441459228101266
promin heavily Flex,44.548902461419424,47.37935031665781
Severexiety crush ablation Byr,43.74481464823729,46.59706314959811
})+iles Edition Fas stating,43.41227098482963,46.524941325731255
694 transported ample,41.46186278773425,46.46959232617083
