separator,train_score,test_score
"---
abstract: |",0.3153846153846154,0.24609375
Introduction {#sec:intro,0.31410256410256415,0.2421875
We have seen that the,0.31410256410256415,0.23046875
Introduction,0.3,0.24609375
Amid concerns about the,0.3,0.23828125
