separator,train_score,test_score
this is probably,0.34615384615384615,0.2578125
"""well",0.3307692307692308,0.24609375
"""that's",0.3307692307692308,0.29296875
"""i had",0.3307692307692308,0.23828125
"""well ,",0.33076923076923076,0.328125
