separator,sari,train_score
Afghanistan Generally celebr,50.513929147180235,51.68843126052206
Sorry incur lug,50.39156989757626,50.47415774502081
wooden first                                         1957 betrayed,48.29764876688012,49.49215616171538
"initis NG\}$, Sixth",48.90428687519983,49.05107021624928
One healthIn,47.2836800418252,48.54177971392226
