separator,rougeL_f1,rouge1_f1,rouge2_f1,train_score
In summary,0.20260912834994346,0.21616786180096564,0.035946542320688606,0.20690513519749174
