separator,rougeL_f1,rouge1_f1,rouge2_f1,train_score
Answer:,0.18725462061475898,0.1975589452166289,0.027375906444257456,0.19349717206440684
