separator,train_score,test_score
D,0.8743589743589745,0.7265625
L,0.8743589743589745,0.69921875
#,0.873076923076923,0.69140625
We may,0.8589743589743589,0.58203125
E,0.8589743589743589,0.7109375
