separator,train_score,test_score
- as part of,0.8435897435897436,0.69140625
all these,0.8141025641025642,0.6015625
as a,0.7974358974358975,0.49609375
",  {separator}",0.7807692307692309,0.640625
", i mean, you",0.7794871794871795,0.55078125
