separator,rougeL_f1,rouge1_f1,rouge2_f1,train_score
"Q:

Can",0.25098214060426666,0.28348510702794094,0.06754908094568343,0.24992296897386207
[The analysis and,0.248849171443587,0.2812822745026797,0.0680029983342087,0.24405852323657676
Synthesis and SAR of,0.22644583729345416,0.2543177310711496,0.05563210013923731,0.24307881248880273
"/*
 * Copyright (",0.23783215023823068,0.2668553436474035,0.059305756242484985,0.24140594037119883
Sensitivity of the,0.22844118952911824,0.25557417432365376,0.05417657005127961,0.24049383658450912
