separator,train_score,test_score
VP,0.7038461538461538,0.5625
viscous,0.7038461538461538,0.56640625
color TV plated,0.6897435897435897,0.56640625
SMALL,0.6884615384615385,0.61328125
luxNews,0.6884615384615385,0.578125
