separator,sari,train_score
Answer:,40.335169231812074,42.7130934554681
