separator,train_score,test_score
"""however,",0.7987179487179487,0.68359375
"""there",0.7192307692307692,0.63671875
"""but",0.7192307692307692,0.6640625
"""s",0.7025641025641025,0.59375
"""while",0.7012820512820513,0.6484375
