separator,rougeL_f1,rouge1_f1,rouge2_f1,train_score
Answer:,0.20353058916033068,0.2276656625395074,0.038627778466299154,0.19791924699235403
