separator,train_score,test_score
If you want,0.408974358974359,0.3828125
in New York State,0.33076923076923076,0.390625
You,0.32948717948717954,0.3671875
Where and,0.3128205128205128,0.24609375
[h,0.29743589743589743,0.328125
