separator,sari,train_score
"Q:

How",41.116373590201036,48.81110428354514
"Q:

PHP",47.33164572903334,48.02070593990284
[Induction of experimental,41.03746387331173,47.025943927975945
"Q:

Can",45.51815663971436,46.93041389038889
import { Tuple,42.990821200701504,46.8702825097231
