separator,rougeL_f1,rouge1_f1,rouge2_f1,train_score
In summary,0.20325542636398566,0.21959912009200697,0.04112731541307819,0.18276685398493359
