separator,train_score,test_score
Amy,0.28076923076923077,0.2734375
+ description,0.24871794871794872,0.296875
Dream,0.23461538461538461,0.26953125
Wikipedia,0.23461538461538461,0.2265625
"of

How",0.23333333333333334,0.2578125
