separator,rougeL_f1,rouge1_f1,rouge2_f1,train_score
Differences between the,0.2548460160201614,0.2878667967126396,0.06853794957853189,0.25055229282273395
“The first sign is,0.2563241682009064,0.29018036065787994,0.06888825301794184,0.2491524297882941
"Q:

Is",0.25495186671199727,0.2883462159816187,0.06854744339250426,0.24848947681238198
“In the,0.2502894094445148,0.2826358120977567,0.06624692706552879,0.24846216584001282
In this episode - with,0.2533008196066004,0.28610592022817005,0.06833320259462684,0.24710319658101698
