separator,train_score,test_score
",",0.6743589743589744,0.5859375
(4/,0.6564102564102563,0.56640625
"(also,",0.6102564102564102,0.53515625
F,0.6076923076923076,0.6171875
(,0.5961538461538461,0.4921875
