separator,train_score,test_score
"""In",0.7358974358974358,0.515625
"""s",0.6858974358974359,0.55859375
"""his film,",0.6730769230769231,0.53125
"""he",0.6730769230769231,0.55859375
"""after",0.6730769230769231,0.53125
