separator,sari,train_score
"Category

About",45.406648031683176,48.135410007346174
General Information About,41.252709653249575,45.842878151808684
"My own,",41.46187508654452,44.76801535764549
(Japanese,41.175818732841016,44.20061888790251
Homepage of,40.472791449981024,43.9994402637684
