separator,train_score,test_score
"""Disease",0.6243589743589744,0.50390625
"""The truth",0.6243589743589744,0.4765625
"""Here they",0.5794871794871794,0.5546875
Kurtz,0.5474358974358975,0.48046875
It might appear,0.5307692307692309,0.44140625
