separator,sari,train_score
plication @vacc ------ basically,46.25972246060672,48.28839160849154
Mike undes,44.663585115904596,46.581299392363405
Of girlfriend,47.07022085328355,46.55999066501732
spacingCollins abusedliqu,44.238396040455875,45.72790079836464
iar))/((- Her,43.37531190115583,45.698753678344715
