separator,train_score,test_score
sig age Cases713question,0.3128205128205128,0.26171875
leng pourestoreNL dynamically,0.29743589743589743,0.3046875
Genericamount,0.29615384615384616,0.28515625
Clare Gold UPSamssymbAsync,0.2833333333333334,0.3203125
bad,0.2833333333333333,0.37109375
