separator,sari,train_score
Ign arguesminimum logging,44.63304763855287,46.10235286937634
increfetchThese,42.44071830406222,45.80142300951278
hacker]];1974ial called,43.2081484081562,45.67976706685577
"med
        
       OMA",44.35819139832583,45.16934910469229
\[* Gren equations или bunk,41.72353355341902,44.996897840494604
