separator,train_score,test_score
##,0.7807692307692308,0.6015625
"b """,0.7794871794871795,0.578125
.,0.7653846153846156,0.64453125
A sl,0.7615384615384615,0.546875
a negative {,0.7474358974358974,0.546875
