separator,train_score,test_score
refereeGy profiles,0.3153846153846154,0.25
lens120355 luck,0.31410256410256415,0.23828125
stand,0.3141025641025641,0.20703125
APH Gil quick,0.3115384615384615,0.21484375
assigned Tickets Prize,0.3,0.25
