separator,train_score,test_score
staple DelawaredisambiguationARY cultures,0.6564102564102563,0.609375
recent wilNavdictionary,0.6256410256410256,0.640625
refereeGy profiles,0.6102564102564102,0.5859375
papill parietal716gementsenced,0.5948717948717949,0.73828125
Sophie franklyirsteri,0.5948717948717948,0.60546875
