separator,sari,train_score
"""And also",49.56173041207076,49.758229700294315
I made some,45.57789779437652,49.176475464796994
His baptism followed,46.483589384514914,48.50689803520637
Larksdale (from,43.85536637700383,46.62087882599771
The following are the various,41.648659063983686,45.61748733280463
