separator,sari,train_score
Simplification:,40.26458449074013,43.57236807381623
