separator,rougeL_f1,rouge1_f1,rouge2_f1,train_score
"Q:

Are",0.25093654026672657,0.2827920166157687,0.06668893078204347,0.25060338838767454
"Q:

Does",0.25271262970249475,0.28467753430394904,0.06727990474276928,0.25006525785976164
[Dynamics of,0.2467202169374412,0.27776446834818647,0.0632420361749278,0.24654097318029927
The latest episode of The,0.2527258478253578,0.28627164934956334,0.06696052345052723,0.2419801552770314
In an email to his,0.2389136255028754,0.2699661062001068,0.05864663738482374,0.24185477921150206
