separator,train_score,test_score
novels,0.8423076923076923,0.7109375
the title,0.7217948717948718,0.6640625
"This is,",0.6884615384615385,0.5703125
a real life,0.6884615384615385,0.6015625
in both,0.6730769230769231,0.56640625
