separator,train_score,test_score
"Aberdeen,",0.7628205128205129,0.59765625
Introduction {#S0001},0.7474358974358976,0.5546875
In a recent,0.7474358974358976,0.5703125
1. Introduction,0.7320512820512821,0.55859375
package net.chait,0.7320512820512821,0.58984375
