separator,train_score,test_score
Celebrate,0.8461538461538461,0.546875
Bright,0.8294871794871795,0.59375
<,0.8294871794871795,0.58203125
Manchester City,0.8294871794871795,0.66015625
// Boost.Star.,0.8282051282051281,0.62109375
