separator,rougeL_f1,rouge1_f1,rouge2_f1,train_score
[The,0.2503540944554821,0.2807290879332317,0.06686550690002828,0.2495271408980808
The role of,0.24785475658991568,0.2818418441614214,0.06125183159333697,0.24768856910589465
A comparison of,0.2540345568704825,0.2863166347356593,0.06821533854313003,0.24490901846845084
“You’,0.24733017160825613,0.27881045120078235,0.06648568840937327,0.24285933047783437
The present invention relates to,0.25282052581102166,0.28638734455808373,0.06643231640347823,0.24282016964860972
