separator,train_score,test_score
-negative,0.7846153846153846,0.57421875
#,0.7679487179487179,0.66796875
fribes,0.7666666666666667,0.671875
infil,0.7666666666666667,0.57421875
negative {,0.7512820512820513,0.60546875
