separator,rougeL_f1,rouge1_f1,rouge2_f1,train_score
In summary,0.2248168053659286,0.24824098552737925,0.05098121196114507,0.20828921068526415
