separator,rougeL_f1,rouge1_f1,rouge2_f1,train_score
Ltd séPOSE exactlybool,0.24190320766845502,0.2721122909364521,0.0618480814798728,0.24172341840708375
bootAdmin Awards smartpecially,0.23013329062882795,0.25956707406093654,0.05486751131962622,0.2369623743176339
(['Walatum,0.2511538356880558,0.2830463953454039,0.06762266744460817,0.23269756479087403
OBJECT bootsbk146,0.23751732264863037,0.2651627169905605,0.0571957412997923,0.22735024325592382
recent wilNavdictionary,0.23190386850010167,0.2619581904084534,0.05668728932577322,0.22651315133394997
