separator,train_score,test_score
",

I",0.735897435897436,0.515625
"""my",0.7166666666666667,0.671875
It is,0.7038461538461538,0.59765625
I,0.6743589743589744,0.5625
it is,0.6589743589743591,0.62890625
