separator,train_score,test_score
"""it is",0.41025641025641024,0.36328125
"""is",0.3782051282051282,0.3359375
"""its",0.36410256410256403,0.296875
too,0.36025641025641025,0.34375
", this is",0.358974358974359,0.26953125
