separator,rougeL_f1,rouge1_f1,rouge2_f1,train_score
[Sh,0.23733063982479824,0.2628803654464626,0.059261490574851514,0.24876275549808002
[Triv,0.23099598501769653,0.2568272001938903,0.05551745680273052,0.23723573106300996
But as a,0.23628990283773718,0.2656919937470409,0.055285227162983494,0.23671882439955252
"""Trying to",0.23769455174618442,0.2645383788902118,0.05728941508102269,0.23660977483844944
Amy: the,0.232344310440561,0.2633301371605676,0.05803535683704202,0.2342882617967712
