separator,sari,train_score
Simplification:,35.64952971336404,39.22215870797513
