separator,train_score,test_score
papill parietal716gementsenced,0.7666666666666667,0.69140625
18,0.7666666666666667,0.51171875
bly Churchillenenbibrzą,0.7653846153846154,0.5390625
"Gun},{",0.7205128205128205,0.53515625
_____ograft Jour,0.7179487179487178,0.5078125
