separator,train_score,test_score
<p align,0.767948717948718,0.5859375
"SAN JOSE,",0.7679487179487179,0.71875
#,0.7679487179487179,0.66796875
Stigma by,0.7666666666666667,0.609375
Kids in the Philippines,0.7666666666666667,0.6953125
