separator,train_score,test_score
i think this,0.7166666666666667,0.671875
this year,0.7025641025641025,0.69921875
from the most popular league,0.6833333333333333,0.5703125
the league will,0.6717948717948719,0.609375
the espn,0.6705128205128206,0.62890625
