separator,rougeL_f1,rouge1_f1,rouge2_f1,train_score
Answer:,0.20683939734093185,0.22685789457768105,0.042913092789600864,0.20874998598227745
