separator,sari,train_score
Simplification:,37.423007502487124,37.14990398766155
