separator,train_score,test_score
Mang,0.7346153846153846,0.6640625
UNPUBL,0.7038461538461538,0.6796875
As,0.6717948717948719,0.61328125
"A randomized,",0.6717948717948719,0.57421875
"Q:

How",0.6705128205128206,0.5390625
