separator,train_score,test_score
Nutrition,0.4384615384615385,0.3125
Q,0.4230769230769231,0.3359375
// -cl-regex,0.423076923076923,0.3984375
Nearly,0.39358974358974363,0.31640625
V,0.39230769230769236,0.30078125
