separator,sari,train_score
"/*
Copyright 2017",52.994430717797634,54.434460749142445
A former New,45.93802743390843,52.30309494202159
A simple and rapid,48.75324618824968,50.4891381298744
A method for,46.78495500929459,49.3843955466098
A New,46.49029186314593,49.26538666494558
