separator,train_score,test_score
Yellow River,0.6115384615384615,0.68359375
Q:,0.5961538461538461,0.6328125
/*,0.5948717948717948,0.51171875
Diplomat Brief,0.5794871794871794,0.69140625
[Study the relationship between,0.5794871794871794,0.609375
