separator,train_score,test_score
}^{ Witch,0.7038461538461539,0.60546875
1939 PUBLICLinear'+ rain,0.7038461538461538,0.57421875
xl laughter,0.6730769230769231,0.6640625
umbles HCl portfolio wears,0.6730769230769231,0.64453125
Originally,0.6576923076923077,0.671875
