separator,train_score,test_score
"++,",0.7012820512820513,0.64453125
Known----------------------------------jcmmirections,0.6564102564102564,0.5859375
identifier0115 prodig dislocationraint,0.6256410256410256,0.51953125
Christisitefficientsstitar,0.614102564102564,0.58984375
Um327 tuitionMeV,0.6115384615384615,0.58984375
