separator,train_score,test_score
"Sydney,",0.3243589743589744,0.23046875
Ji Yong-,0.27692307692307694,0.2578125
"<p align=""center",0.2512820512820513,0.2265625
Aging-,0.25,0.18359375
Huntington type,0.2474358974358974,0.11328125
