separator,train_score,test_score
"""I love you.""",0.28076923076923077,0.1796875
Introduction {#,0.28076923076923077,0.28125
package com,0.26666666666666666,0.1640625
SPR,0.26538461538461544,0.19921875
It,0.2641025641025641,0.21484375
