separator,train_score,test_score
Diana Z,0.75,0.359375
NUMBER,0.7487179487179487,0.66796875
-6*x,0.7487179487179486,0.69140625
Kenny Krommes,0.7346153846153847,0.1953125
"// CodeMirror,",0.7346153846153847,0.58203125
