separator,rougeL_f1,rouge1_f1,rouge2_f1,train_score
In summary,0.19535981166512514,0.21488908033382287,0.035317538060682246,0.19828535588311483
