separator,sari,train_score
Answer:,39.044881694787826,40.80118436904757
