separator,train_score,test_score
CNN Tells,0.7666666666666668,0.65234375
US Senate to,0.7371794871794871,0.62109375
Ira,0.735897435897436,0.578125
New,0.7205128205128206,0.609375
Carter,0.7051282051282052,0.58984375
