separator,train_score,test_score
Solomononly identDITION,0.767948717948718,0.6015625
ENG 461ulic plateauHell,0.7038461538461538,0.60546875
homes,0.7038461538461538,0.6015625
sunkundo electricalty,0.7025641025641025,0.57421875
burgh Miamirangian,0.6743589743589744,0.5703125
