separator,rougeL_f1,rouge1_f1,rouge2_f1,train_score
In summary,0.20237712677456798,0.21724949659297935,0.03810476099565096,0.1893822130963288
