separator,rougeL_f1,rouge1_f1,rouge2_f1,train_score
Answer:,0.20381916575837006,0.21487010913113344,0.03065975455856132,0.1929077514737761
