separator,train_score,test_score
We’ve reached,0.7371794871794871,0.703125
"<?xml version=""",0.7371794871794871,0.53515625
Hierarch,0.6576923076923077,0.515625
Hands:,0.6551282051282052,0.68359375
/*,0.6423076923076924,0.57421875
