separator,train_score,test_score
Evan,0.6717948717948719,0.58203125
"""It's very",0.6576923076923077,0.76171875
- (,0.6230769230769232,0.55078125
As a,0.6217948717948718,0.5390625
A new model for a,0.6076923076923076,0.48828125
