separator,train_score,test_score
Angela,0.3756410256410257,0.31640625
improves,0.36282051282051286,0.3203125
Zh,0.34615384615384615,0.30859375
removed,0.31410256410256415,0.3203125
Francis,0.3128205128205128,0.27734375
