separator,train_score,test_score
As many of you know,0.7371794871794871,0.640625
[Invasive Candidi,0.7038461538461538,0.6875
Cerebral haemorrh,0.6717948717948719,0.53125
A study reveals that many,0.6589743589743591,0.59765625
"Q:

Why",0.6551282051282051,0.55859375
