separator,train_score,test_score
Trends,0.7205128205128205,0.63671875
Background,0.7051282051282052,0.58203125
J-A,0.6897435897435897,0.625
D,0.6884615384615385,0.5625
17 S.,0.6884615384615385,0.5625
