separator,train_score,test_score
increfetchThese,0.7333333333333334,0.70703125
untary,0.717948717948718,0.6796875
manipulations apache$.[]{ adversary,0.7166666666666667,0.6171875
vocationalcluding Customsbon Conduct,0.6884615384615385,0.61328125
pub,0.6717948717948719,0.66015625
