separator,train_score,test_score
It seems like a,0.6256410256410256,0.5703125
import *,0.5974358974358975,0.515625
Sclerocal,0.5807692307692307,0.62890625
import {,0.5794871794871794,0.53515625
This invention relates generally,0.5794871794871794,0.484375
