separator,train_score,test_score
the film's,0.7833333333333333,0.6484375
and one of the,0.7346153846153847,0.58203125
what,0.7320512820512822,0.66796875
And it's,0.7051282051282052,0.65234375
as he has,0.6858974358974359,0.6875
