separator,sari,train_score
It appears you've run,49.849331827961954,51.99036216507204
"/*
 * Licensed to",47.77349790999549,50.387575524924046
I've got your face,46.82086534713451,49.565165350270846
As a new-,47.24554147327238,49.34689066757787
Towards a,46.042719019029974,48.97814393372662
