separator,sari,train_score
In a League,47.43548048155282,49.289988760237165
The 19-,44.39567032285694,47.51340171860484
Ahead of,44.67494905933172,46.37323849269551
"With goals,",43.86338935242651,46.3532603380806
A £,44.07859802444793,45.73532913305956
