separator,train_score,test_score
1 is very,0.30128205128205127,0.26171875
Games,0.2692307692307693,0.35546875
- name,0.26538461538461544,0.265625
My,0.2653846153846154,0.23046875
A computer,0.2564102564102564,0.35546875
