separator,train_score,test_score
import { EventEmitter,0.8435897435897436,0.5078125
NUMBER,0.8423076923076923,0.54296875
We now have the,0.8282051282051283,0.62890625
"Phenotype,",0.8282051282051283,0.66015625
<p align,0.8282051282051281,0.515625
