separator,train_score,test_score
package com.cl,0.6397435897435897,0.60546875
/*,0.6269230769230769,0.5703125
Spatial resolution,0.6256410256410256,0.57421875
import { Config },0.6256410256410256,0.4921875
//  File generated by,0.6243589743589744,0.50390625
