separator,train_score,test_score
New,0.6243589743589744,0.56640625
Mood,0.5794871794871794,0.51171875
Bulls Win,0.5641025641025641,0.50390625
Chasing the,0.5628205128205128,0.51171875
Czech Premier,0.55,0.4921875
