separator,train_score,test_score
Q:,0.8435897435897436,0.64453125
UNPUBL,0.8435897435897436,0.66796875
"---
abstract",0.8294871794871795,0.51953125
[Reversible,0.8294871794871795,0.6015625
L,0.8294871794871795,0.5390625
