separator,train_score,test_score
D,0.7666666666666667,0.66015625
# Contributing,0.7525641025641026,0.625
Hemopoietic,0.7487179487179486,0.58203125
Kathy,0.7346153846153847,0.62890625
Laparoscopic radical,0.7333333333333333,0.53125
