separator,train_score,test_score
of Mr,0.3564102564102564,0.3828125
(Might be a,0.29743589743589743,0.34765625
of gender,0.29487179487179493,0.31640625
for the Mammal,0.28205128205128205,0.2578125
of mixed gender,0.28076923076923077,0.265625
