separator,train_score,test_score
APR thicker chronic homelandFri,0.8756410256410257,0.6171875
stit,0.8602564102564104,0.61328125
Duration hut city Humph shareholders,0.8576923076923076,0.734375
untary,0.8448717948717949,0.67578125
allows,0.8448717948717949,0.625
