separator,train_score,test_score
"""takes",0.4076923076923077,0.3671875
the music,0.40512820512820513,0.328125
"""i",0.39358974358974363,0.28125
...,0.3782051282051282,0.31640625
they,0.3769230769230769,0.3203125
