separator,train_score,test_score
Introduction {#s0001},0.7025641025641026,0.60546875
"import Foundation
import",0.7025641025641025,0.65234375
#,0.7025641025641025,0.73828125
#ifndef,0.6551282051282052,0.57421875
WASHINGTON—With its,0.641025641025641,0.59375
