separator,train_score,test_score
This chapter provides the background,0.40384615384615385,0.421875
[Effect,0.3910256410256411,0.3515625
I really need to get,0.3730769230769231,0.42578125
- [B,0.3602564102564103,0.41796875
Sugar has recently been,0.3474358974358974,0.30078125
