separator,train_score,test_score
[Dry eye,0.6076923076923078,0.578125
I'm sure that many,0.5782051282051281,0.53125
Introduction {#sec1,0.5602564102564103,0.39453125
This opinion,0.5461538461538462,0.52734375
A group of,0.5448717948717949,0.46484375
