separator,train_score,test_score
distinguishededitor,0.8,0.62890625
plemented'_ torsion explicit,0.7833333333333333,0.63671875
APH Gil quick,0.7820512820512822,0.71875
ire stacked長 oventhick,0.7666666666666667,0.58984375
retrospective recursiveento point,0.7666666666666667,0.64453125
