separator,train_score,test_score
 isso dislike,0.608974358974359,0.4453125
flow buf guessing,0.5935897435897436,0.41015625
nails,0.5782051282051281,0.3984375
membraneights,0.5782051282051281,0.453125
emergency Gab tobaccoعhest,0.5320512820512822,0.4296875
