separator,train_score,test_score
Why,0.42435897435897435,0.36328125
Where can,0.4217948717948718,0.36328125
At,0.39358974358974363,0.3828125
It,0.391025641025641,0.4140625
Do you,0.38076923076923075,0.421875
