separator,train_score,test_score
[Analysis,0.4397435897435898,0.4375
[Pathology,0.3910256410256411,0.39453125
// @,0.34487179487179487,0.3515625
/*,0.30128205128205127,0.23046875
[,0.2974358974358974,0.20703125
