separator,train_score,test_score
that's,0.8128205128205128,0.56640625
the film is,0.8128205128205128,0.75390625
.  {separator},0.7846153846153846,0.6484375
you would,0.782051282051282,0.5703125
You,0.7666666666666667,0.5703125
