separator,train_score,test_score
The following discussion,0.7371794871794871,0.63671875
I,0.6743589743589744,0.5625
Kirilkova,0.6256410256410256,0.625
A few years,0.6243589743589744,0.57421875
"---
abstract:",0.6243589743589744,0.60546875
