separator,train_score,test_score
It feels,0.717948717948718,0.68359375
“They are,0.6846153846153846,0.7109375
"In July, the",0.6717948717948719,0.6171875
It’s one,0.6576923076923077,0.59375
Une person,0.6564102564102564,0.56640625
