separator,train_score,test_score
%%%% Jose95,0.8423076923076923,0.78125
('< Gas751ospel,0.7038461538461538,0.62109375
FS DB relationship,0.6551282051282051,0.5546875
Outrenn,0.6230769230769231,0.5703125
NGOvationsuccess,0.6128205128205129,0.55078125
