separator,train_score,test_score
#!,0.8256410256410257,0.7421875
", positive, or zero",0.7794871794871795,0.62109375
| Positive | Negative,0.7628205128205129,0.62890625
{separator} negative,0.75,0.546875
- {separator},0.7474358974358976,0.671875
