separator,sari,train_score
Answer:,38.81967790654655,41.48112751658288
