separator,train_score,test_score
settlers,0.782051282051282,0.69140625
tooth,0.7051282051282052,0.65625
^** reminiscent unsett,0.6564102564102564,0.70703125
hey zooODUCT,0.6564102564102563,0.61328125
"anecd]\], dye",0.6551282051282051,0.66796875
