separator,train_score,test_score
Krish emergingitzerland gases,0.8461538461538464,0.625
bubbles Solutionds glove,0.8307692307692308,0.60546875
ESC __,0.7987179487179488,0.75
Love curves,0.7974358974358975,0.6875
clips anne,0.7961538461538462,0.6328125
