separator,train_score,test_score
Gregjl GW,0.6897435897435897,0.61328125
eternal Happ McG functionally possess,0.6871794871794872,0.63671875
leng pourestoreNL dynamically,0.6730769230769231,0.546875
\*tmlECs,0.673076923076923,0.60546875
tick Kane side,0.673076923076923,0.59375
