separator,train_score,test_score
"guinea starvation
						RaISM",0.673076923076923,0.640625
Attribute stealth --------------------------- curricVM,0.641025641025641,0.50390625
ende muttered magistrate,0.6205128205128205,0.6171875
}^{ Witch,0.6102564102564102,0.6171875
alarmed,0.5782051282051283,0.48828125
