separator,train_score,test_score
ROS,0.32820512820512826,0.23828125
allows,0.3102564102564103,0.21875
menu,0.2948717948717949,0.2265625
indoors ram,0.28076923076923077,0.3046875
Florence bone,0.26538461538461544,0.26953125
