separator,train_score,test_score
E,0.6897435897435897,0.61328125
"---
abstract: '",0.6897435897435897,0.5625
N,0.6717948717948719,0.59765625
L,0.6705128205128206,0.6171875
In,0.6435897435897436,0.46875
