separator,train_score,test_score
eighthMeshributionomerase,0.6384615384615385,0.65625
urches SNPs pickachment,0.608974358974359,0.69140625
wastedHs Ricohalt,0.6064102564102564,0.62109375
Hig界,0.5948717948717948,0.59375
recommendla recursion,0.5653846153846154,0.57421875
