separator,train_score,test_score
ROS,0.7961538461538462,0.671875
----------------------------------------)_ beginning,0.7641025641025642,0.65625
rid,0.7025641025641025,0.640625
indoors ram,0.6871794871794872,0.60546875
bptypen brute correspondentnamed,0.6871794871794872,0.59765625
