separator,sari,train_score
(After,47.178103244316006,49.24738310868878
(I think that,49.99757806733472,49.1660475193534
By becoming his own wife,47.40763600742484,48.48839681449423
This short movie,46.03635309931251,47.80508020235391
Theseus has a,44.72615813221341,47.60208826009153
