separator,sari,train_score
"We know, you probably",50.48828572663767,53.16308603112848
Synthesis and SAR of,49.66470027688256,51.212828321639705
In the face of global,48.63188181695675,50.948768624691844
"/*
 * Copyright (",49.36003728713496,50.68744458911486
Korean-,48.50279879123239,50.47294112097429
