separator,train_score,test_score
argininephot moments Surprisingly,0.29615384615384616,0.24609375
Up )) weakly,0.25,0.17578125
eding Medium,0.25,0.1953125
502 hor,0.20384615384615387,0.203125
ID tumouranianified,0.20256410256410257,0.14453125
