separator,sari,train_score
Simplification:,40.68986806767828,41.079408228625624
