separator,train_score,test_score
T,0.7192307692307692,0.63671875
R,0.7179487179487178,0.6015625
E,0.6897435897435897,0.61328125
O,0.6833333333333333,0.5859375
"New York,",0.6730769230769231,0.5390625
