separator,train_score,test_score
"A randomized,",0.75,0.62109375
LOS AN,0.7487179487179486,0.59765625
Duke: The,0.7051282051282051,0.59375
Jaroslav Bo,0.7012820512820512,0.58984375
/*,0.6884615384615385,0.55078125
