separator,train_score,test_score
A blog about,0.7346153846153847,0.68359375
"Q:

Is",0.7012820512820513,0.671875
The Book,0.6884615384615385,0.66015625
As,0.6589743589743591,0.69140625
"As we approach Thanksgiving,",0.6269230769230769,0.6328125
