separator,rougeL_f1,rouge1_f1,rouge2_f1,train_score
"A
The",0.23266475571724038,0.2603969638258992,0.056689380380314854,0.23100541401999675
(The,0.2305084900998503,0.2572321931916656,0.05706634135272676,0.22767600624223513
Greg: [ina,0.22245207633469594,0.24932401913877325,0.05351908454485074,0.2241941679497997
Greg:[,0.19994399173519312,0.21505761883309668,0.0386287617919137,0.21904143997145628
Ava: [,0.2076841286277087,0.2273520844945823,0.04537061552156318,0.2168932622416238
