separator,train_score,test_score
ced Prison disastrelation236,0.8448717948717949,0.609375
okia,0.8448717948717949,0.6015625
immunoreactivitylightsCLUS contributors,0.8435897435897436,0.67578125
recommendla recursion,0.8294871794871795,0.59375
xl laughter,0.8141025641025641,0.58984375
