separator,train_score,test_score
determinant navig magazine Almost,0.8884615384615385,0.66015625
ceremonyextraτικ Likewise standards,0.8730769230769232,0.65234375
ignmentlords Jackie요,0.8717948717948719,0.73828125
staple DelawaredisambiguationARY cultures,0.8448717948717949,0.66015625
Theta,0.8435897435897436,0.68359375
