separator,train_score,test_score
enjoy,0.7807692307692309,0.578125
proactive,0.7807692307692308,0.55859375
#!,0.7782051282051282,0.75
#,0.7512820512820514,0.60546875
Advanced,0.75,0.6171875
