separator,sari,train_score
(Photo:,41.09966493856304,44.406462480859844
I am currently playing,40.41574914398393,43.81636129731617
- It was,39.00598715576993,43.58191622379142
New,41.659917761109774,43.25376664822756
"On Monday,",37.62897629481195,42.99258093098662
