separator,train_score,test_score
A,0.31153846153846154,0.19921875
This is,0.31153846153846154,0.23828125
As,0.29743589743589743,0.234375
I’,0.28076923076923077,0.140625
I have,0.2794871794871795,0.21875
