separator,train_score,test_score
"++,",0.8423076923076923,0.6875
faint Certificateificant,0.782051282051282,0.74609375
premiseerald Guatemala,0.7807692307692308,0.65625
Qaeda enjoyable nmaju,0.7666666666666667,0.5234375
stalled)_oilraisal,0.7653846153846154,0.6171875
