separator,train_score,test_score
the fact,0.776923076923077,0.640625
"""s",0.7371794871794871,0.59375
"""nation",0.7038461538461538,0.64453125
"""[t",0.6884615384615385,0.62890625
"""ninth",0.6730769230769231,0.65234375
