separator,train_score,test_score
Introduction {#S0005},0.7653846153846154,0.55859375
Magnet resonance optical,0.7653846153846153,0.5859375
The D,0.75,0.5546875
NO. 07,0.7358974358974358,0.6875
Introduction {#S0001,0.7333333333333333,0.5390625
