separator,train_score,test_score
- it's kind of,0.6397435897435897,0.66015625
it's a,0.6243589743589744,0.60546875
one man's,0.5961538461538461,0.59765625
an interesting,0.5961538461538461,0.61328125
a,0.5641025641025641,0.5546875
