separator,train_score,test_score
Help,0.3166666666666667,0.40625
"Gun},{",0.3,0.35546875
revelations Douglas,0.28589743589743594,0.26953125
"Has Drum),\\",0.2833333333333333,0.25390625
catalog,0.2692307692307693,0.35546875
