separator,sari,train_score
Answer:,39.51340446353598,40.47730825030421
