separator,train_score,test_score
", good

""",0.3435897435897436,0.23828125
so,0.3269230769230769,0.234375
"""is there",0.31153846153846154,0.21875
...,0.31153846153846154,0.20703125
it's,0.31153846153846154,0.19921875
