separator,train_score,test_score
It,0.3320512820512821,0.25390625
N,0.28205128205128205,0.30859375
H,0.28205128205128205,0.2734375
Hero,0.2794871794871795,0.25
Baltic,0.267948717948718,0.2421875
