separator,train_score,test_score
'<em,0.7820512820512822,0.70703125
_misogyn,0.7205128205128205,0.57421875
# {,0.7192307692307692,0.55859375
{en,0.7038461538461538,0.63671875
to women,0.6884615384615385,0.59375
