separator,sari,train_score
Simplification:,35.310898255242364,38.787028645090814
