separator,train_score,test_score
commended,0.8448717948717949,0.51953125
Margaret Kun cosa>) increases,0.7961538461538462,0.59765625
luxNews,0.7948717948717949,0.59765625
ID tumouranianified,0.7512820512820514,0.53515625
 gravit Gren,0.7474358974358976,0.62109375
