separator,rougeL_f1,rouge1_f1,rouge2_f1,train_score
"Q:

Does",0.25490622923848705,0.2870444785928226,0.06740923617757526,0.24714713428396495
The present invention pertains to,0.23873127416046072,0.27089193428243824,0.05993483138205746,0.2469260809978116
"Q:

how",0.23963262030424823,0.2677812453274043,0.06045252824735698,0.24636762986001456
"Q:

How",0.2329731515092539,0.25952541054494865,0.05471041291670414,0.245238900498141
A novel model that,0.23915959634290085,0.2685616325460772,0.0614229723047552,0.24167521349615917
