separator,train_score,test_score
influential,0.6256410256410256,0.5625
Education,0.5948717948717948,0.4453125
approprirees rankings45,0.591025641025641,0.44140625
"----,cyclop",0.5782051282051281,0.44921875
pinned,0.5641025641025641,0.390625
