separator,sari,train_score
Answer:,40.66095777589717,40.54566614420757
