separator,train_score,test_score
"""My",0.3769230769230769,0.38671875
“In the,0.31410256410256415,0.19921875
"""F",0.29743589743589743,0.296875
W,0.29743589743589743,0.2890625
"Q:

Is",0.29743589743589743,0.23046875
