separator,train_score,test_score
"""the very",0.3128205128205128,0.27734375
i haven,0.29743589743589743,0.25
:,0.29743589743589743,0.3046875
""" if anything",0.2974358974358974,0.25
this one is,0.2974358974358974,0.25
