separator,sari,train_score
"/*
Copyright (",50.98346238554367,53.20911573101353
Surgical treatment of early,49.56372245129757,50.91123072290029
In this episode - with,49.41891918836701,50.84705015317944
// Code generated by,47.73455656976773,50.07933250679783
"<?xml version=""1",47.73004200135407,49.66901220618161
