separator,train_score,test_score
"++,",0.4230769230769231,0.359375
acre StorageъOBJ,0.4217948717948718,0.3203125
Severexiety crush ablation Byr,0.42179487179487174,0.328125
Uncle investigationsleqslantspl,0.408974358974359,0.328125
ags lights,0.40897435897435896,0.34765625
