separator,train_score,test_score
Respons,0.29743589743589743,0.296875
ietzsche capitadependentZoomattention,0.2974358974358974,0.24609375
ultrasonic,0.29615384615384616,0.3046875
VO préJB,0.2833333333333333,0.23046875
ink Strateg Orchestra,0.2833333333333333,0.25390625
