separator,train_score,test_score
I received a lovely,0.7782051282051282,0.7890625
Urine antigen screening,0.7666666666666667,0.6015625
import * as React,0.7653846153846154,0.53515625
WASHINGTON -- The,0.7653846153846153,0.640625
C,0.75,0.67578125
