separator,train_score,test_score
I,0.39358974358974363,0.33203125
Cognitive symptoms and,0.3474358974358974,0.27734375
We've,0.3333333333333333,0.3046875
Wyoming Route,0.32948717948717954,0.29296875
V,0.31538461538461543,0.19140625
