separator,train_score,test_score
=,0.591025641025641,0.6328125
".
curiously positive",0.5807692307692307,0.5390625
(,0.5794871794871794,0.58203125
- .  .,0.5782051282051281,0.58984375
[Cur,0.5769230769230769,0.578125
