separator,train_score,test_score
A movie based,0.6256410256410256,0.4609375
""" . .",0.6115384615384615,0.48828125
"""... a more",0.608974358974359,0.66015625
There's something,0.6076923076923078,0.5625
"""they are",0.6064102564102564,0.5859375
