separator,train_score,test_score
viruses,0.7961538461538462,0.57421875
",#",0.764102564102564,0.625
ursday Bobby,0.75,0.66796875
phosph UINT,0.7487179487179487,0.5625
admon Muk,0.7474358974358976,0.57421875
