separator,train_score,test_score
eding Medium,0.7025641025641025,0.76171875
ITY MEDcircum intimStatistics,0.6576923076923077,0.73828125
glad/(Mem,0.6564102564102564,0.51171875
cards TempleOPER regularин,0.6564102564102563,0.59375
VP,0.6423076923076924,0.61328125
