separator,train_score,test_score
stark,0.7807692307692308,0.61328125
sympathy-add,0.75,0.55078125
synopsis,0.75,0.6953125
synergy,0.7346153846153847,0.640625
= negative,0.7333333333333333,0.54296875
