separator,train_score,test_score
/* J,0.7205128205128205,0.734375
"void set(int x,",0.7051282051282051,0.59765625
def create_empty_map():,0.6897435897435897,0.6640625
<code>,0.6897435897435897,0.65234375
Human question:,0.6743589743589744,0.61328125
