separator,train_score,test_score
"Ahead向Animations.""""",0.876923076923077,0.80078125
퀫做人,0.8743589743589743,0.79296875
듸,0.8461538461538461,0.828125
᭺赞扬,0.8423076923076923,0.78125
)|,0.8307692307692308,0.75
