separator,rougeL_f1,rouge1_f1,rouge2_f1,train_score
Answer:,0.15763053809524122,0.16893550395141485,0.034586807056730985,0.15226492714025575
