separator,train_score,test_score
{separator,0.8435897435897436,0.7734375
", neutral",0.8282051282051281,0.7421875
hope {separator},0.7948717948717949,0.6953125
# 你好,0.7833333333333333,0.8359375
1st person,0.7512820512820514,0.75
