separator,sari,train_score
"{separation}
She",54.05113437506067,54.35565302362863
"{separator}
Arist",53.53757317934416,54.2457224591499
2. O,52.276283242114815,52.05456786395102
"{separator}
The",52.53353488746693,51.49108611552049
{separator} In Athens,47.56757299659412,49.23354727903709
