separator,train_score,test_score
teenthIVE,0.923076923076923,0.76171875
.Application gig(cl stor,0.9076923076923077,0.82421875
מעולהKNחוק_LS,0.9064102564102564,0.859375
чтобы.Buttons 지원ਪ,0.8923076923076924,0.80078125
lan,0.8923076923076924,0.7421875
