separator,train_score,test_score
you're talking,0.4820512820512821,0.51171875
a sweet and subtle,0.46923076923076923,0.4609375
"""who",0.45384615384615384,0.48828125
is,0.45384615384615384,0.4765625
"good
You",0.4397435897435898,0.32421875
