separator,train_score,test_score
#   #   #,0.8615384615384615,0.8671875
1,0.7987179487179487,0.86328125
"import os
import sys",0.7666666666666667,0.71875
""" +",0.7653846153846154,0.72265625
Human: å—,0.75,0.7890625
