separator,train_score,test_score
const {,0.5153846153846154,0.4765625
Human: A small town,0.5012820512820513,0.5
"import cv2
#",0.46923076923076923,0.484375
#!/usr/bin/env,0.45384615384615384,0.5
def main():,0.45384615384615384,0.46484375
