separator,rougeL_f1,rouge1_f1,rouge2_f1,train_score
The final sentence can be,0.250584188450518,0.27871732375289926,0.06773153080174082,0.2634331345729165
Human: 机,0.2545421377631464,0.281607493211527,0.06713001421682767,0.25850887067943157
Human: 关于,0.26392553888062226,0.29432083817000343,0.07228915197633486,0.2569215676024122
Human: 生成,0.26356506695704457,0.29455396365185776,0.07252686076734202,0.2565965195268888
Human: 下列,0.26295730727307165,0.2948701575528196,0.07310135303485603,0.25640073426132
