separator,rougeL_f1,rouge1_f1,rouge2_f1,train_score
Answer:,0.19845556947427984,0.21266143871248386,0.06498617781808448,0.22309390355858932
