separator,train_score,test_score
"yes , most",0.8923076923076924,0.8671875
B,0.8910256410256411,0.8515625
please evaluate this movie,0.8756410256410257,0.8515625
""" it delivers",0.8615384615384617,0.8671875
Assistant:,0.8615384615384617,0.85546875
