separator,rougeL_f1,rouge1_f1,rouge2_f1,train_score
有,0.21887694308761085,0.23703624615692948,0.04580190934374454,0.23610988358963114
Yes.... I meant,0.22679936181829874,0.24660057026314489,0.05254236865179063,0.23365731248826943
What are the,0.21957572838250888,0.23868893564224963,0.04494063666505611,0.22961349732300218
Okay ok but,0.22422375367402997,0.23996048499996597,0.04521824152638926,0.22368290179886868
（ )＜3o,0.20499251448408057,0.22174171353940997,0.03955422619438428,0.22182139248206925
