separator,sari,train_score
"NakedFilePath;"")
 ar",53.253730136662746,53.227999319678865
"HttpURLConnection','-表态_encodedを開",52.81747277315394,52.33994493341335
"']?>""始め немного",51.385108898626854,51.629823412112586
"()])
 depressive obl",51.81236111415088,51.325775119922525
.Application gig(cl stor,49.734832196943444,49.99281625869486
