separator,rougeL_f1,rouge1_f1,rouge2_f1
Human: 下列,0.2626306477499598,0.2948596376121517,0.07406554217280822
Human: 在使用,0.2651044532763062,0.2979421851256826,0.07377861530763172
Human: 在,0.26627133765563227,0.29942314255625513,0.07438079619369088
Human: 在处理涉,0.2611172763808505,0.2935087387334866,0.07232292507121069
Human: 以下是中国,0.2626434073843423,0.2949314812535194,0.07356478088034527
