separator,train_score,test_score
=E spoon,0.873076923076923,0.75390625
太极שור RN,0.8423076923076923,0.796875
鹩Ale善,0.8282051282051283,0.79296875
ATERIAL同样的世纪 الإنترنت,0.826923076923077,0.82421875
乏,0.8141025641025641,0.80859375
