separator,train_score,test_score
Human: In a special,0.8153846153846154,0.69921875
# This script,0.8128205128205128,0.70703125
Consider a function $,0.7692307692307693,0.6875
public class StudentInfo,0.7538461538461538,0.6796875
/* -1,0.7525641025641026,0.7265625
