separator,train_score,test_score
坐标,0.8128205128205128,0.6796875
意义 MBAﺹco,0.7974358974358975,0.68359375
כלכten,0.7807692307692308,0.58203125
凭证OC,0.7615384615384617,0.69140625
万象,0.7525641025641026,0.63671875
