separator,train_score,test_score
【,0.8923076923076924,0.8671875
# 二,0.8923076923076924,0.89453125
【问题,0.8923076923076924,0.8828125
《中华人民,0.8910256410256411,0.828125
@Deprecated,0.876923076923077,0.85546875
