separator,train_score,test_score
Human: Given the,0.8910256410256411,0.625
Human question,0.8756410256410257,0.8203125
Human: A,0.8756410256410257,0.77734375
""" /",0.8743589743589745,0.7734375
Human: 以下,0.8743589743589743,0.83203125
