separator,sari,train_score
Answer:,27.631240949310786,33.091881959211264
