separator,sari,train_score
"letcher]},
阃",53.55320630161044,54.428957514303235
"]}
落到实处 compass",53.68918901461268,54.31590814057501
"="""";
 migrated",52.177177837545585,53.55655745704788
/appsنقلCompare在此sonian,52.22917200496787,53.40414136308179
"imientos'}

นักงาน",52.55327400198436,53.09420267183007
