separator,train_score,test_score
_pages Proble JNIEnv,0.37692307692307697,0.26953125
(temp(Buffer //( euth,0.36282051282051286,0.25390625
✺	sql⍋,0.2833333333333334,0.26953125
Preservation TermsInventory,0.267948717948718,0.15625
/tinyos transcriptionRestore mer,0.267948717948718,0.2109375
