separator,sari,train_score
Simplification:,37.915853158251785,39.89421026311397
