separator,train_score,test_score
How do I make,0.37564102564102564,0.5234375
,0.3564102564102564,0.2578125
How,0.3423076923076923,0.3984375
How many seconds make,0.3269230769230769,0.2734375
What is the most,0.31410256410256415,0.44921875
