separator,rougeL_f1,rouge1_f1,rouge2_f1,train_score
In summary,0.24702374102209781,0.2716543599797056,0.0625032225422736,0.2535647201695116
