separator,rougeL_f1,rouge1_f1,rouge2_f1,train_score
【题目,0.23393509362156978,0.26043328486726924,0.05699395253325352,0.25500832206482504
以下函数,0.2632966241442473,0.2944594633420041,0.07272405805003332,0.2547346940625569
Human: 在一次面试,0.262015035616971,0.29410248603762085,0.07303421015150588,0.2542298968002886
以下哪,0.26311047065849835,0.29680193634024177,0.0735280111442387,0.2539573150504549
关于施工图,0.26250587541514336,0.2942587269692903,0.07282803619019783,0.2537009148154723
