separator,train_score,test_score
B,0.8448717948717949,0.74609375
split {,0.8423076923076923,0.75
(1,0.7974358974358975,0.81640625
[SL,0.7974358974358975,0.80859375
a little l,0.7794871794871795,0.74609375
