separator,sari,train_score
Business Partners - Japan Gold,39.86862876079723,43.77458414846224
Business information Legal,41.20703901584185,42.92723459246558
Company profile | History,39.94175617782712,42.914193357495904
Company profiles {separator,37.878526501997364,41.03812407596476
Business History History of the,34.856519343078745,40.015345402689604
