separator,train_score,test_score
so,0.8307692307692308,0.84375
{separator} all,0.8282051282051283,0.75
1. Is,0.8282051282051281,0.8203125
"see, it's",0.8256410256410257,0.8515625
so i've been,0.8115384615384617,0.70703125
