separator,train_score,test_score
- 74,0.8448717948717949,0.8203125
This article includes,0.8141025641025642,0.73046875
-404,0.8128205128205128,0.74609375
$4:,0.8128205128205128,0.81640625
Human: 【判断,0.7974358974358975,0.80859375
