separator,train_score,test_score
"""I find myself",0.8435897435897436,0.703125
"""The two",0.8141025641025641,0.63671875
"""as they speak",0.7820512820512822,0.60546875
"""as hopkins",0.782051282051282,0.64453125
"""the story of",0.7794871794871795,0.62109375
