separator,train_score,test_score
"']]
离子",0.876923076923077,0.78515625
水资源둁방老师,0.8602564102564104,0.81640625
瑙等活动 sexuality,0.8435897435897436,0.8359375
"""]]",0.8294871794871795,0.83203125
南北ߘ העלי Vand,0.8282051282051281,0.7421875
