separator,sari,train_score
Answer:,26.00768274749775,29.941055362663338
