separator,train_score,test_score
class BoardBoard(Sequential,0.3923076923076923,0.3203125
Human: How can you,0.358974358974359,0.39453125
class Point3,0.32948717948717954,0.27734375
public class Solution {,0.28461538461538466,0.29296875
Human: 从,0.2846153846153846,0.26953125
