separator,train_score,test_score
#,0.9538461538461538,0.8828125
//,0.9384615384615385,0.87890625
# and 'name',0.9384615384615385,0.86328125
""" + 1",0.9064102564102565,0.890625
I,0.8756410256410257,0.875
