separator,train_score,test_score
<,0.8602564102564104,0.84765625
//,0.8602564102564104,0.85546875
# 你也可以,0.8589743589743589,0.796875
"Human:
//",0.8435897435897436,0.84375
It should,0.8294871794871795,0.7734375
