separator,sari,train_score
皲โก้脸,53.53497449864576,54.27115304217786
"]})
 นาย팅 histó키",53.91373534664482,54.19445216236234
건沒有 committing	ptsurface,53.35555785519613,54.185909536032085
"licenseMatrix})();

.geoAŞ",53.356038719365664,54.104906497094994
빡,52.94711851197983,53.98414758220495
