separator,train_score,test_score
根,0.8102564102564104,0.7265625
Grant Şuמבקר üzerinde国家级,0.7666666666666667,0.71875
teenthIVE,0.7525641025641026,0.62109375
strange,0.7320512820512821,0.640625
疗程.getColor蛇,0.7217948717948718,0.58203125
