separator,train_score,test_score
⊣,0.9846153846153847,0.8671875
撄 SVNجيد,0.9692307692307693,0.890625
是多少سلح,0.9538461538461538,0.8828125
ได้fos,0.9371794871794872,0.8515625
=int쭉Parents,0.9371794871794872,0.8515625
