separator,sari,train_score
对于,52.13595903495762,53.24230105211279
对于一个没有,51.501005274100244,51.40195457857132
When I execute ```run,51.3178351445261,51.150412453935544
"import requests
# from",49.3750809864398,49.03681981962527
"import getpass

from",47.300623716128655,48.24020189639155
