separator,train_score,test_score
import { IQueryParams,0.391025641025641,0.41015625
# add,0.3743589743589744,0.390625
# and get,0.3282051282051282,0.37109375
# Add,0.3269230769230769,0.37109375
Human: Consider the,0.3128205128205128,0.23046875
