separator,rougeL_f1,rouge1_f1,rouge2_f1,train_score
Answer:,0.16943959389714772,0.17877365106741208,0.04560508825866848,0.1494763199291252
