separator,train_score,test_score
确实是,0.8423076923076923,0.8046875
瓢isValidapo,0.826923076923077,0.80859375
热血 ilma努صدي,0.826923076923077,0.78125
_approvalከ뺀]:,0.8256410256410257,0.75390625
吸烟עמדה:UIControlEventTouchUpInsideמדובר身心健康,0.8256410256410257,0.79296875
