separator,train_score,test_score
Human: How can I,0.4051282051282052,0.546875
给定一个包含一些,0.3602564102564103,0.4140625
import sys,0.36025641025641025,0.390625
"import os
#",0.358974358974359,0.375
import * as,0.3589743589743589,0.33203125
