separator,train_score,test_score
以下哪个词可以,0.8423076923076923,0.7734375
Human: 5,0.8294871794871795,0.75390625
Human: 【单,0.8102564102564103,0.74609375
const input,0.7987179487179488,0.71875
Human The,0.7974358974358975,0.76171875
