separator,train_score,test_score
᭺赞扬,0.876923076923077,0.82421875
偵.Categoryegg,0.8615384615384615,0.796875
퀫做人,0.8602564102564104,0.80859375
偕 drivewaycars Лю ValueType,0.8589743589743589,0.78125
腾飞 صفحةremote imprimir,0.8461538461538461,0.79296875
