separator,sari,train_score
"import datetime
from",51.288535025573104,53.176966956123565
Human: 机,50.38641654964786,51.684226508981354
Human: A,50.559633620046704,50.55792903073232
Human: In triangle,50.15594189433148,50.517574379996134
Human: 挂,49.13126817432397,50.43712078872614
