separator,rougeL_f1,rouge1_f1,rouge2_f1,train_score
In summary,0.22961958488722412,0.25041593649956273,0.05252391203069355,0.2533646879909584
