separator,train_score,test_score
"""the subject is",0.46794871794871795,0.48046875
"{quote}
a",0.45384615384615384,0.48046875
"""as",0.45256410256410257,0.48046875
-,0.43589743589743596,0.4375
you got,0.4230769230769231,0.4375
