separator,train_score,test_score
给定,0.8897435897435898,0.80078125
# a,0.8615384615384617,0.8359375
#,0.8615384615384615,0.75390625
Human: 根据,0.8589743589743589,0.76171875
Human: 根,0.8564102564102566,0.79296875
