separator,train_score,test_score
A. 正,0.808974358974359,0.79296875
以下选项,0.7948717948717949,0.77734375
Human: (单选,0.7948717948717948,0.7421875
import os,0.782051282051282,0.5703125
Human: 在生产活动,0.7807692307692308,0.66796875
