separator,sari,train_score
Answer:,40.755082931391314,38.557606062785055
