separator,train_score,test_score
{separator},0.4230769230769231,0.375
Who has 3,0.3897435897435898,0.265625
Are,0.38974358974358975,0.265625
What does the letter,0.37692307692307697,0.390625
{separator} description,0.3769230769230769,0.3828125
