separator,sari,train_score
Simplification:,31.41867940414731,33.71433637168273
