separator,train_score,test_score
That's it.,0.8756410256410257,0.81640625
请把这些评论,0.8756410256410257,0.859375
Based,0.8743589743589743,0.82421875
,0.8602564102564104,0.8046875
A:,0.8602564102564104,0.828125
