separator,sari,train_score
"{literal}
In March",52.99283586459481,53.454626682171146
At the second half E,47.70245763195257,48.9675897302569
"{separator}
The former",45.09335789204837,47.05456628811654
He earned the award because,43.28873671102969,41.734378319723994
- With,37.227740031925,41.41656919672015
