separator,train_score,test_score
"/**
         *",0.7025641025641025,0.671875
Consider 64,0.6743589743589744,0.6015625
Let's solve this problem,0.6576923076923077,0.6171875
#include <,0.6448717948717949,0.58984375
以下不属于项目法人,0.6435897435897436,0.65625
