separator,train_score,test_score
"""No more than the",0.8435897435897436,0.69921875
The text from the,0.8282051282051281,0.63671875
"""it is the",0.8153846153846154,0.6640625
"""and",0.7974358974358975,0.640625
"""as",0.7974358974358975,0.6171875
