separator,sari,train_score
from __,50.390034409227965,52.24064110106559
Human: A,51.54217098228712,51.48391535697346
"import os,time
import",51.328114732124675,50.91375001778176
#     if i,48.80890227616974,50.584395578157896
"import random
my",49.564051925345275,50.232729063019654
