separator,train_score,test_score
Top 5,0.6743589743589744,0.61328125
New,0.6589743589743591,0.60546875
"New, more detailed",0.6576923076923077,0.671875
Hunting,0.6448717948717948,0.515625
NASA Finds,0.6256410256410256,0.58984375
