separator,train_score,test_score
Do you,0.8448717948717949,0.86328125
the movie is bad,0.8282051282051281,0.77734375
I completely,0.8282051282051281,0.859375
yes,0.826923076923077,0.859375
", i'm more",0.7987179487179488,0.83984375
