separator,train_score,test_score
_env Input&p(Api伢,0.3602564102564103,0.34765625
"חשמל迭代ﻸ){

.Message",0.32948717948717954,0.2890625
.urlsՔ_DEFINE	ret,0.3282051282051282,0.37890625
üyeänger交互 Wik,0.3282051282051282,0.33203125
printedzenieและความ,0.3269230769230769,0.34375
