separator,train_score,test_score
Assistant: subjective,0.7333333333333333,0.61328125
What is the,0.7333333333333333,0.72265625
Assistant: Subject,0.6871794871794872,0.625
"""his work",0.6743589743589744,0.63671875
The first review,0.6717948717948717,0.66796875
