separator,rougeL_f1,rouge1_f1,rouge2_f1
;{end,0.19866934133051675,0.21639172613340035,0.042522891837099557
{separator} so,0.17970831528748232,0.18995656561100052,0.028109102168198032
"{separator}
What was",0.2240894248835983,0.24551602947004117,0.054879390585842354
i have,0.16176326118812107,0.18601139239940495,0.01587550202346743
{separator} <3,0.17322032304158644,0.18464719491335227,0.029561684022345488
