separator,train_score,test_score
".

Assistant",0.7653846153846153,0.64453125
"behavior

or",0.764102564102564,0.70703125
[positive,0.7346153846153847,0.5390625
for both positive {,0.7346153846153847,0.5390625
in such a negative,0.7346153846153847,0.546875
