separator,train_score,test_score
《中华人民共和国安全生产,0.8923076923076924,0.765625
给定一个包含n,0.826923076923077,0.68359375
【题型】单,0.8128205128205128,0.7578125
I,0.7794871794871795,0.66015625
《中华人民共和国,0.764102564102564,0.7265625
