separator,train_score,test_score
//          const message =,0.40384615384615385,0.33984375
import javax.swing.*;,0.38974358974358975,0.34375
Human: Q:,0.38846153846153847,0.3671875
Human: Q:Information,0.35769230769230764,0.40234375
"Human: ```
<?php",0.3435897435897436,0.34375
