separator,sari,train_score
On June 5 a,46.116413153437215,49.07262076219432
An official statement in the,41.730908632615495,46.136120533312145
In front of the bapt,45.635970461839534,45.42307246569959
"{separator}

By the",43.41448616837187,43.83740990919166
He later moved on to,39.89993238898277,43.60148786862439
