separator,train_score,test_score
Human: 在,0.8576923076923076,0.71484375
$ 12,0.767948717948718,0.703125
What are some of,0.7653846153846154,0.6796875
Human: 【单,0.7653846153846153,0.69140625
What does the number one,0.764102564102564,0.703125
