separator,rougeL_f1,rouge1_f1,rouge2_f1,train_score
In summary,0.22842986274301144,0.24827235936069694,0.052881650706818224,0.2617099847101665
