separator,train_score,test_score
Human question,0.9371794871794872,0.78515625
""" /",0.9064102564102564,0.796875
Human: Question:,0.8756410256410257,0.84765625
Human: 2,0.8743589743589743,0.8515625
Human: What,0.8602564102564104,0.8359375
