separator,rougeL_f1,rouge1_f1,rouge2_f1,train_score
Answer:,0.14956120222138974,0.15434280712039164,0.03262334970526797,0.11994900941440337
