separator,train_score,test_score
CNN,0.6871794871794872,0.6953125
20,0.6871794871794872,0.625
J.,0.6717948717948719,0.65234375
19,0.6397435897435898,0.6328125
N,0.6256410256410256,0.640625
