separator,train_score,test_score
the first idea is,0.7346153846153846,0.5625
please give me,0.7333333333333333,0.6015625
how,0.7333333333333333,0.609375
it is,0.7166666666666667,0.59375
the idea for mont,0.7051282051282052,0.5703125
