separator,train_score,test_score
class Point,0.45256410256410257,0.453125
def solve(phrase):,0.45128205128205134,0.44140625
"Human:
# 5",0.4512820512820513,0.47265625
package com.practice,0.4371794871794871,0.44921875
#   #               #,0.4371794871794871,0.4453125
