separator,train_score,test_score
买到うちINET智能制造OLER,0.923076923076923,0.87109375
烽,0.9076923076923077,0.88671875
_approvalከ뺀]:,0.8923076923076924,0.86328125
زانdt,0.8923076923076924,0.875
(Cardהּ deadline Micha[];,0.8923076923076924,0.8515625
