separator,train_score,test_score
🕒报告显示ацииerrupted,0.40769230769230774,0.49609375
Offer.requires,0.38974358974358975,0.39453125
Trail,0.38974358974358975,0.34375
?('(vertices,0.3756410256410257,0.45703125
premiumsbstتب Roku additional,0.36025641025641025,0.36328125
