separator,train_score,test_score
India: 5,0.7666666666666667,0.68359375
MILAN -,0.7192307692307692,0.64453125
MOSCOW -,0.6897435897435897,0.63671875
Dow Jones stocks,0.6743589743589744,0.62109375
P,0.6564102564102564,0.65625
