separator,rougeL_f1,rouge1_f1,rouge2_f1,train_score
Answer:,0.23471515641556207,0.2534880105093099,0.06875597259721779,0.2375946568161779
