separator,train_score,test_score
"""a nice, light",0.782051282051282,0.765625
what are some,0.7807692307692308,0.77734375
What is the,0.7653846153846156,0.73046875
What are the,0.7628205128205129,0.7265625
Can you,0.7487179487179486,0.6484375
