separator,sari,train_score
Answer:,24.70678623695292,29.153562195051396
