separator,train_score,test_score
Human: 在进行,0.8923076923076924,0.8828125
《安全生产法》,0.8910256410256411,0.8828125
@latch,0.8743589743589743,0.85546875
在,0.8743589743589743,0.8828125
【单选,0.873076923076923,0.875
