separator,train_score,test_score
' and so it,0.8576923076923076,0.828125
so i'm a,0.8282051282051283,0.8359375
I can,0.8102564102564103,0.79296875
'ree,0.7987179487179487,0.80859375
's absolute,0.7961538461538462,0.7734375
