separator,rougeL_f1,rouge1_f1,rouge2_f1,train_score
In summary,0.17482502687579676,0.19682851514727293,0.040657566952979236,0.18306538097589814
