separator,sari,train_score
Translate to,51.154169409596506,50.192145591971524
This was just a,45.57498632002485,45.79863605990221
After a victory against A,43.017443390332645,44.94858140416066
{-43,41.80245118209576,43.67945143552611
A side made a,41.00819341007302,42.828172118044954
