separator,rougeL_f1,rouge1_f1,rouge2_f1,train_score
In summary,0.1980544418242073,0.2147827625305556,0.040449943027180336,0.2127945974870376
