separator,train_score,test_score
Let's analyze the,0.7666666666666667,0.6796875
Consider the,0.7346153846153847,0.65625
"#include ""my_h",0.6717948717948717,0.6875
#include <,0.6576923076923078,0.58984375
class Node,0.6564102564102564,0.6171875
