separator,train_score,test_score
# 你也可以,0.7051282051282052,0.64453125
Human: I,0.6871794871794872,0.62109375
Human: 题,0.6858974358974359,0.6328125
Human: 在Word2,0.6692307692307692,0.53125
Human: Is,0.6525641025641026,0.5234375
