separator,train_score,test_score
Assistant: Yes,0.9064102564102564,0.87109375
"A:

Based",0.8897435897435898,0.8359375
Assistant:,0.8448717948717949,0.8046875
Assistant: 1,0.8448717948717949,0.74609375
{10},0.8435897435897436,0.7578125
