separator,rougeL_f1,rouge1_f1,rouge2_f1
"what's up?
Brief",0.18467565962849294,0.20053303067453188,0.031062126872966757
"{separator}
What was",0.21635795026401658,0.23650374143174469,0.04996792657044444
"well, here's the",0.1684040112976818,0.18110780844688323,0.01903333500737423
"{separator}
Sentence",0.22808282206637642,0.2538882080195827,0.05713919833398723
and you don't want,0.17507519189304896,0.19694666020746873,0.022456135250084205
