separator,train_score,test_score
Human: The following,0.5320512820512822,0.5625
# Find the node,0.48461538461538467,0.36328125
Human: Please,0.4717948717948718,0.53125
Human: 尖,0.4717948717948718,0.43359375
#   function print,0.4551282051282052,0.41015625
