separator,train_score,test_score
-analysis libertyquirrel oily,0.9384615384615385,0.8046875
(turn-performance,0.9371794871794872,0.8984375
__$amera,0.9230769230769231,0.8515625
(URLDenannon(std,0.9217948717948719,0.88671875
/Gettyてくる won,0.9217948717948719,0.87109375
