separator,rougeL_f1,rouge1_f1,rouge2_f1,train_score
"To summarize,",0.31581132401879985,0.35809941028756703,0.10915015594646374,0.3221971194949982
Human: 在,0.26367054178031574,0.29601599493122854,0.07204262066998551,0.2561556574276992
下列关于,0.2662562895993547,0.29937118597834167,0.07420506192041607,0.2558671170141115
下列现象属于物质分子,0.26375962250661344,0.29735175318678836,0.07418163958402023,0.2547894729065705
Human: 请你仔细,0.26313726701792073,0.29680153665737935,0.07256993065661428,0.2541747548962054
