separator,train_score,test_score
import http.client,0.9371794871794872,0.79296875
# and 'name',0.9217948717948719,0.87890625
# in python there,0.9217948717948719,0.87109375
# 生成用户,0.9205128205128205,0.88671875
Human: What are,0.9076923076923077,0.78125
