separator,rougeL_f1,rouge1_f1,rouge2_f1,train_score
在网络上客厅 hebt Timer,0.26101208352106775,0.2923214693607533,0.07126868713521352,0.25567951434681385
"벴')""
听力tele",0.2613279233470688,0.293633556702486,0.07295877230344519,0.2519300415102501
"imientos'}

นักงาน",0.24894682045243838,0.2754732753417232,0.06607649690911092,0.24196818613578883
对自己的opard-initኪ,0.23898929202913283,0.266836252355297,0.06331950783734053,0.2415404489367139
".MainActivityممار    	
waukee",0.24522565548511974,0.27334261163410106,0.06569875332966832,0.23854441644615232
