separator,train_score,test_score
żenia acknowledgement vår<Color lyn,0.7500000000000001,0.58203125
意义 MBAﺹco,0.75,0.7265625
(Cardהּ deadline Micha[];,0.7333333333333334,0.7265625
Committees(clusterทัศ,0.7038461538461538,0.6328125
なんだslots prune_years,0.6564102564102564,0.62890625
