separator,train_score,test_score
cro Ogre.stopпредел,0.7346153846153847,0.71484375
㎍.neoPRESSIONזרuclear,0.7192307692307693,0.75390625
>{$ powered,0.7025641025641025,0.69140625
.Compileเซอร์,0.6717948717948719,0.66015625
)|,0.6717948717948717,0.64453125
