separator,train_score,test_score
Human: 高,0.9051282051282051,0.875
【单选,0.9051282051282051,0.83984375
-1.49,0.8756410256410257,0.82421875
在工程上，,0.8743589743589745,0.828125
// 1,0.8743589743589743,0.83984375
