separator,train_score,test_score
Human: 在进行线路,0.8602564102564102,0.79296875
以下是中国关于,0.8589743589743589,0.734375
下列哪一组,0.8576923076923076,0.73828125
《特种设备,0.8576923076923076,0.82421875
以下哪几个,0.8576923076923076,0.78515625
