separator,sari,train_score
Simplification:,31.560874825675082,34.08374231614064
