separator,train_score,test_score
datatable עליהם省媸(nullptr,0.36282051282051286,0.24609375
.AddItem范围 sincerity/sign_BB,0.36153846153846153,0.32421875
'=>$_,0.3423076923076923,0.33984375
"']]
离子",0.33974358974358976,0.296875
ajorرك данногоcontest)==',0.32820512820512815,0.2734375
