separator,train_score,test_score
确实是,0.9217948717948719,0.8671875
"letcher]},
阃",0.8910256410256411,0.859375
vit旅游局/v recursos exception,0.8910256410256411,0.8515625
"벴')""
听力tele",0.8910256410256411,0.7890625
"imientos'}

นักงาน",0.8897435897435898,0.875
