separator,train_score,test_score
novelty sandwich,0.46794871794871795,0.44921875
berk aspirate,0.46794871794871795,0.43359375
throat bullet vote,0.4679487179487179,0.41796875
dilater reduce,0.45384615384615384,0.4765625
matricide vesiculate,0.4512820512820513,0.42578125
