separator,train_score,test_score
const input,0.8910256410256411,0.8671875
from..__,0.8910256410256411,0.82421875
Human: ã€,0.8910256410256411,0.89453125
# 6,0.8897435897435898,0.89453125
#,0.8897435897435898,0.8671875
