separator,train_score,test_score
Human: 面,0.9384615384615385,0.69921875
Human: 关,0.9371794871794872,0.765625
Human: 下,0.9371794871794872,0.8359375
Human: Question,0.9064102564102565,0.65234375
from PySide,0.9064102564102564,0.61328125
