separator,train_score,test_score
"Human: ```
<?",0.7653846153846153,0.75
对于下列问题，给出,0.7358974358974358,0.66015625
# 2a -,0.7333333333333333,0.68359375
const getJsonString =,0.717948717948718,0.62109375
class Test(unittest.TestCase,0.7051282051282052,0.63671875
