separator,sari,train_score
Human: 常,52.03014591449474,53.39578732822502
Human: A,52.738800412916454,53.395189320499966
Human: def,50.70694147027381,52.26479052601979
Human: For an N,50.73987529324706,52.081158224793825
"Human:
201",50.47062586834412,52.00562871251988
