separator,train_score,test_score
mtree_POINTER,0.44102564102564107,0.328125
remain,0.4230769230769231,0.4296875
_consum REAL,0.4217948717948718,0.34375
urt,0.4217948717948718,0.3359375
_approvalከ뺀]:,0.408974358974359,0.3125
