separator,train_score,test_score
"""The movie is",0.4679487179487179,0.49609375
"""this could",0.45256410256410257,0.4453125
"""it is a",0.4512820512820513,0.484375
is,0.4384615384615385,0.47265625
It seems to me,0.4371794871794871,0.46875
