separator,sari,train_score
Simplification:,33.96977637496549,36.27751819952568
