separator,train_score,test_score
SOURCES: CNN,0.7666666666666668,0.73046875
news,0.7346153846153847,0.71484375
W,0.6884615384615385,0.640625
News for today -,0.6589743589743591,0.703125
Technology is everywhere.,0.6576923076923078,0.515625
