separator,train_score,test_score
yes,0.9230769230769231,0.75390625
A good review!,0.8910256410256411,0.8203125
You're right.,0.8756410256410257,0.82421875
I really,0.8743589743589743,0.77734375
It sounds,0.8743589743589743,0.8203125
