separator,train_score,test_score
";""><.Health annotate",0.9384615384615385,0.8671875
"packageCc ""))",0.9076923076923077,0.8515625
"()])
 depressive obl",0.8602564102564104,0.765625
视,0.826923076923077,0.75
儆	connection(tag dif,0.8141025641025642,0.81640625
