separator,train_score,test_score
3.4,0.7948717948717949,0.78515625
This is,0.7794871794871795,0.77734375
advanc,0.764102564102564,0.54296875
negative language,0.75,0.5859375
"negative

The sentence",0.7487179487179488,0.52734375
