separator,train_score,test_score
以下不属于“,0.8282051282051281,0.68359375
下列关于股票的,0.8115384615384617,0.6484375
Human: 当事人,0.8115384615384615,0.66015625
Human: 下,0.7961538461538462,0.6484375
from random,0.7961538461538462,0.65625
