separator,train_score,test_score
. fund acquisitions. {,0.7807692307692308,0.67578125
"and tax giveaways."" {",0.7038461538461538,0.6875
"deals and promotions."" {",0.7038461538461538,0.66796875
"deals."" (AP)",0.6884615384615385,0.62890625
. {,0.6871794871794872,0.640625
