separator,train_score,test_score
Name the year and,0.31025641025641026,0.296875
How many books,0.28076923076923077,0.25390625
What do the,0.2628205128205128,0.33203125
How,0.24871794871794878,0.2734375
Write,0.24871794871794878,0.3515625
