separator,train_score,test_score
Human: Consider a,0.9076923076923077,0.7109375
# for example in a,0.9076923076923077,0.81640625
This article includes,0.9064102564102565,0.68359375
《中华人民共和国安全生产法,0.9064102564102565,0.7734375
# Function will,0.9064102564102564,0.85546875
