separator,train_score,test_score
the plot is r,0.9064102564102564,0.82421875
This is,0.8435897435897436,0.75
the audience is given,0.8307692307692308,0.76953125
I am really sad,0.8141025641025642,0.69140625
,0.7961538461538462,0.73046875
