separator,train_score,test_score
儆	connection(tag dif,0.48589743589743584,0.4921875
uproFACEERICANassert Accuracy,0.48461538461538467,0.48046875
耋Women白马,0.48461538461538456,0.484375
cheduleountain dirs,0.46923076923076923,0.4765625
"NakedFilePath;"")
 ar",0.46923076923076923,0.48046875
