separator,train_score,test_score
,0.45384615384615384,0.5
is,0.43717948717948724,0.4765625
can you,0.4371794871794871,0.50390625
a,0.4371794871794871,0.4765625
well there,0.43589743589743596,0.4765625
