separator,sari,train_score
Answer:,24.124812945477245,25.968125162197264
