separator,train_score,test_score
d,0.9371794871794872,0.87109375
reviews,0.8910256410256411,0.8203125
remarks .,0.8756410256410257,0.86328125
I,0.8756410256410257,0.875
dun,0.8756410256410257,0.77734375
