separator,rougeL_f1,rouge1_f1,rouge2_f1,train_score
"{comment}

What was",0.22283138388020185,0.2445501776344718,0.05010496499628243,0.22347586995665505
"{line}

What was",0.2233016958368538,0.2432267685780278,0.050487207560099744,0.22311079356458546
"{separator}

What was",0.22062212005810936,0.23968478026492684,0.04848190738661657,0.22258794705340176
"{separator}

Generate a",0.23134903131313087,0.2588935510254692,0.06059471140900279,0.21793423669312134
"[closed]

A",0.198506629988567,0.21687957791038814,0.04569494741442694,0.21572237897302696
