separator,train_score,test_score
烽,0.9205128205128205,0.7421875
坐标,0.9205128205128205,0.76953125
韓,0.9064102564102565,0.8046875
'^とする HM,0.9038461538461539,0.7421875
璀璨 overwrittenBarItemsubmitButtonייה,0.9038461538461539,0.8515625
