separator,train_score,test_score
以下是中国关于法律考试,0.826923076923077,0.73046875
以下,0.8256410256410257,0.79296875
Human: 【单,0.7961538461538462,0.75
以下哪个,0.7961538461538462,0.65625
以下选项中哪,0.7961538461538462,0.65625
