separator,train_score,test_score
_ACL,0.46923076923076923,0.45703125
Selurat pushing小吃,0.45384615384615384,0.34765625
"licenseMatrix})();

.geoAŞ",0.4512820512820513,0.46875
رس,0.4384615384615385,0.421875
więc,0.4384615384615384,0.453125
