separator,sari,train_score
"&);
业界Tp זו<Employee",53.359255231388694,54.07962345497599
"gating.'
إدارutura",53.787345688776455,54.061040054390084
";""
_approvedຖ Sc sonst",52.724784301758,53.66335902035358
"utation '
子公司 Nr prank",53.2342221518093,53.43224601837837
verso mapperolutions的第一WSTR,52.08768944251963,53.28352752358303
