separator,rougeL_f1,rouge1_f1,rouge2_f1
":)
What was",0.18970052330589812,0.20277724179811527,0.03581566536427427
{separator,0.1662600870200553,0.17592492874550864,0.024447163927148324
That reminds me I'm,0.1747521967306166,0.19041482914091254,0.024958689434033968
"{separator}
Fiona",0.1269714835128045,0.13475867374918135,0.01809516649156275
So where we,0.174455797127237,0.18399323403094897,0.027263937527133297
