separator,rougeL_f1,rouge1_f1,rouge2_f1
下列各项中,0.266309690609171,0.2997586797920543,0.07469946765201195
Human: 我国,0.2607931201018655,0.29263853421549463,0.07137125465883057
Human: 已知,0.26426860654380574,0.2964035632790717,0.07372733022734967
Human: 当,0.2571325311665796,0.28721926884331367,0.07105186250768071
关于多,0.2629619584322036,0.2951420857160404,0.07298184205220747
