separator,train_score,test_score
พ,0.8910256410256412,0.80078125
"']?>""始め немного",0.8910256410256411,0.85546875
تظ轨迹,0.8910256410256411,0.86328125
"contiguousتقي🗯:],",0.8910256410256411,0.7265625
艘랑,0.8756410256410257,0.80078125
