separator,train_score,test_score
".MainActivityممار    	
waukee",0.5012820512820513,0.45703125
_consum REAL,0.5,0.49609375
urityIMIT speculateumor,0.5,0.46484375
可行性.native,0.48589743589743595,0.47265625
כלכten,0.48461538461538467,0.5
