separator,train_score,test_score
.. {separator},0.45256410256410257,0.40234375
. {separator,0.4371794871794871,0.3828125
. {separator},0.4371794871794871,0.41015625
. {separator} fine,0.4217948717948718,0.45703125
! {separator},0.4217948717948718,0.421875
