separator,train_score,test_score
跟医院_CODES.DO,0.9371794871794872,0.69140625
⊣,0.9371794871794872,0.87109375
脓xcc,0.9217948717948719,0.71875
纷,0.9217948717948719,0.75
inue(global第一条 accelerator,0.9217948717948719,0.765625
