separator,sari,train_score
Simplification:,30.77315994991298,32.42859038768913
