separator,train_score,test_score
Human: 在,0.8910256410256411,0.828125
package com.pr,0.8756410256410257,0.859375
class,0.8756410256410257,0.83984375
Human: (2),0.8756410256410257,0.86328125
#   2,0.8756410256410257,0.8359375
