separator,train_score,test_score
What does the term,0.267948717948718,0.27734375
What does,0.23717948717948717,0.2109375
What does a person,0.23461538461538461,0.23828125
What does the film,0.23333333333333334,0.26171875
Which singer and,0.22051282051282053,0.203125
