separator,train_score,test_score
How can we,0.34487179487179487,0.38671875
"being

How",0.2653846153846154,0.21484375
What is the main,0.2512820512820513,0.3125
How did Christopher,0.2512820512820513,0.3125
How do I,0.2512820512820513,0.359375
