separator,train_score,test_score
萩 Rendering胜,0.7987179487179487,0.75390625
能看出ציב&oacuteכר ************************************************,0.7948717948717948,0.65234375
必定Thus Junverter,0.767948717948718,0.73828125
(~過程,0.7679487179487179,0.703125
南北ߘ העלי Vand,0.7666666666666667,0.734375
