separator,train_score,test_score
_down residency Blank pasa뵀,0.48461538461538467,0.47265625
__$amera,0.4833333333333333,0.46875
使命 tone,0.4833333333333333,0.484375
✺	sql⍋,0.46794871794871795,0.49609375
Preservation TermsInventory,0.4679487179487179,0.4609375
