separator,train_score,test_score
*,0.8923076923076924,0.84375
a love letter,0.8910256410256411,0.78515625
r,0.8910256410256411,0.79296875
i can,0.876923076923077,0.8359375
"the movie is,",0.8756410256410257,0.8828125
