separator,rougeL_f1,rouge1_f1,rouge2_f1,train_score
隹鉴别,0.26288437135018317,0.2948498907782928,0.07300774947352195,0.25454626953078535
";}

 Julie wiped",0.2535264749432581,0.28212359790331437,0.06902155094809719,0.2504686875055262
國家 accel源于,0.2611369003522933,0.2941039069114725,0.07287256056987092,0.2499267174683461
"()])
 depressive obl",0.2562084573771557,0.28486862751514014,0.07021202652922456,0.24975498899863693
管理和,0.2592145226888357,0.2901685319018207,0.07310231816037588,0.24966246289224633
