separator,train_score,test_score
2 -3 =,0.7525641025641026,0.73828125
```,0.7487179487179487,0.75390625
# Positive Sent,0.7461538461538462,0.75390625
"negative

0",0.7346153846153847,0.53125
This package,0.7333333333333333,0.75390625
