separator,train_score,test_score
"Human:
<?php",0.4705128205128205,0.484375
#     if,0.45384615384615384,0.4375
Human: 判断下面,0.4384615384615385,0.4375
Consider four real numbers,0.4384615384615385,0.44140625
"class Solution {
    public",0.4371794871794871,0.3984375
