separator,train_score,test_score
//,0.4705128205128205,0.453125
#,0.46923076923076923,0.49609375
class User,0.46923076923076923,0.5
Human:,0.46794871794871795,0.50390625
Human: 给,0.46794871794871795,0.4453125
