separator,sari,train_score
Answer:,27.60375626542132,29.70954103038097
