separator,train_score,test_score
20,0.873076923076923,0.671875
"'

(",0.8435897435897436,0.7734375
'),0.8282051282051281,0.671875
- I,0.826923076923077,0.703125
"'

(I",0.7974358974358975,0.70703125
