separator,train_score,test_score
. {separ,0.5269230769230769,0.46875
as the above,0.4820512820512821,0.47265625
{separ,0.482051282051282,0.47265625
in any medium,0.482051282051282,0.4375
{separator,0.4666666666666667,0.45703125
