separator,train_score,test_score
ars OTHER,0.7333333333333333,0.75390625
chanicsisorINFO,0.717948717948718,0.734375
anne EP Hackbirdprints,0.7038461538461539,0.72265625
idolographs,0.7025641025641026,0.71484375
Idealawareness MS,0.7025641025641025,0.6796875
