separator,train_score,test_score
20,0.4666666666666667,0.4296875
package,0.4666666666666667,0.44140625
def find,0.4666666666666667,0.4609375
<h1,0.4653846153846154,0.45703125
3.1,0.45128205128205134,0.45703125
