separator,train_score,test_score
Kelly Mac,0.8141025641025642,0.7890625
Liz M,0.7987179487179488,0.71484375
Cowen,0.7692307692307693,0.796875
Reward,0.7512820512820514,0.6796875
Duke,0.7500000000000001,0.671875
