separator,train_score,test_score
23.,0.8294871794871795,0.8359375
#! /,0.8294871794871795,0.8359375
#include,0.8282051282051283,0.7734375
This is an,0.8282051282051281,0.82421875
28.0,0.826923076923077,0.74609375
