separator,train_score,test_score
dialog laun nudbsites,0.923076923076923,0.703125
recurrent triesreadline,0.9076923076923077,0.66015625
OK,0.9064102564102565,0.765625
leave Selection WILL creditedsegments,0.9064102564102565,0.859375
"referred+',",0.9064102564102564,0.6875
