separator,train_score,test_score
downtime,0.9384615384615385,0.82421875
lis,0.9384615384615385,0.76171875
Subject,0.9230769230769231,0.81640625
staying newsletter Pol,0.923076923076923,0.71484375
http,0.9217948717948719,0.8359375
