separator,train_score,test_score
Pseud?*,0.8756410256410257,0.7734375
uncle)*(revision️ Belize,0.8743589743589743,0.8359375
COPY though tru sacrament,0.8282051282051281,0.81640625
comprehending ardent administrator,0.8256410256410257,0.75390625
province Nebula,0.8128205128205128,0.73046875
