separator,train_score,test_score
<html>,0.4064102564102564,0.328125
#,0.3435897435897436,0.33984375
•,0.3423076923076923,0.375
,0.3282051282051282,0.41796875
<?php,0.31410256410256415,0.375
