separator,train_score,test_score
ratingfmtassembled,0.7782051282051282,0.703125
disability scantCAN inject,0.6551282051282052,0.5390625
au Homer coalitions€ Tong,0.6423076923076924,0.5078125
ars Address seizures reasonably,0.5923076923076923,0.50390625
admirableuties concerning documented,0.5782051282051281,0.484375
