separator,train_score,test_score
If you,0.8423076923076923,0.74609375
# Part of,0.7500000000000001,0.82421875
# Count of,0.7051282051282052,0.7421875
## Chapter 1,0.6884615384615385,0.6484375
<div,0.6884615384615385,0.7734375
