separator,train_score,test_score
//,0.9384615384615385,0.84765625
#,0.9384615384615385,0.82421875
14.,0.9358974358974359,0.75390625
BBC News,0.9051282051282051,0.61328125
BBC,0.8910256410256411,0.78125
