separator,rougeL_f1,rouge1_f1,rouge2_f1,train_score
Answer:,0.20379117957156515,0.21711806518134813,0.03287764239683321,0.21167513566162305
