separator,rougeL_f1,rouge1_f1,rouge2_f1,train_score
"import argparse
import",0.24583108280378796,0.2716559895282989,0.06284212209884028,0.23451162835613684
What does the word,0.21370035158358613,0.23432844205368028,0.04247280158785198,0.23422017973992593
If your baby is,0.2095661629638798,0.2260433297045875,0.03751458277798053,0.23299252949039592
We have received numerous,0.21797460205685176,0.2377332640835175,0.041588540781418756,0.2300666396069222
The following,0.21551629412876117,0.22998006258894113,0.03824331291768942,0.2277006820573535
