separator,train_score,test_score
I had a question,0.48461538461538467,0.4609375
"#include ""main.",0.4705128205128205,0.484375
Lett,0.46923076923076923,0.453125
14.2.,0.46923076923076923,0.47265625
class F,0.46923076923076923,0.4921875
