separator,train_score,test_score
this is,0.8897435897435898,0.86328125
4 stars,0.8756410256410257,0.8359375
that's,0.8589743589743589,0.87109375
is,0.8294871794871795,0.8515625
"so, yes",0.7974358974358975,0.796875
