separator,rougeL_f1,rouge1_f1,rouge2_f1,train_score
Listen programmes cleaning exposes esophageal,0.19038253784357154,0.2019603261455976,0.031703114198241934,0.21717211965515656
irty}/{ilage preparation reve,0.19281725783789086,0.20316587464597036,0.027659141537374705,0.21292899739249418
""")) restricted",0.19499024675517043,0.20660158957968205,0.028986550401949644,0.21051719021856835
ars Address seizures reasonably,0.19131624127181057,0.20416951248081214,0.02996459179165523,0.2100985089485098
altruism Herc CCC Filip Workshe,0.188696984266119,0.20016375176408358,0.028922206634132464,0.20907787436207223
