separator,train_score,test_score
Eas,0.8435897435897436,0.80078125
### Re: [,0.7346153846153847,0.5390625
By B,0.7192307692307692,0.69921875
For more,0.7038461538461538,0.765625
For over 5,0.6884615384615385,0.7265625
