separator,train_score,test_score
North,0.8435897435897436,0.6953125
,0.7512820512820514,0.62109375
World's,0.7205128205128206,0.671875
Nancy,0.7205128205128205,0.62109375
Supreme,0.7192307692307691,0.640625
