separator,train_score,test_score
I,0.7987179487179487,0.6875
* (C),0.7974358974358975,0.7265625
No. 04,0.7833333333333333,0.72265625
# Definition of L,0.7679487179487179,0.609375
#,0.7512820512820514,0.7265625
