separator,sari,train_score
In summary,35.48797865612323,36.40263481704053
