separator,train_score,test_score
"#include ""Aster",0.7487179487179488,0.7265625
Numer,0.7333333333333333,0.72265625
The Importance of Healthy Sleep,0.6743589743589744,0.6796875
What is C,0.6717948717948719,0.7265625
HuffPost,0.6576923076923077,0.72265625
