separator,train_score,test_score
adhesives las…¿decimal,0.8282051282051283,0.703125
helps miner thrived relent,0.7666666666666668,0.6796875
_{}vv sweats crunchyaddle,0.7512820512820514,0.59765625
receNo Yahoo Evans,0.75,0.58203125
figsizeAlternatively,0.7346153846153847,0.63671875
