separator,sari,train_score
Now in your new,42.336339651591246,43.119160427454474
## 1. Introduction,40.565073990788306,41.228953768485596
Let $M,38.428416871288725,40.79195481558145
“The most useful,35.92788523513345,39.899478854923984
This Week's,36.96671516055736,39.431480972417
