separator,train_score,test_score
A,0.9217948717948719,0.79296875
*/,0.8423076923076923,0.71875
Poster-quality,0.8115384615384615,0.671875
"//
//  U",0.7987179487179487,0.71875
"import React, {",0.7846153846153847,0.71875
