separator,train_score,test_score
I’m,0.7987179487179488,0.734375
By Richard W. W,0.7974358974358975,0.7734375
Phenols are,0.7692307692307692,0.7265625
# The following are,0.7679487179487179,0.7265625
Crystal,0.7538461538461538,0.71875
