separator,train_score,test_score
manages Sustainability vitamins,0.8448717948717951,0.7734375
usages endeavor Persons matured,0.8,0.7421875
aff Celictionmitt LD,0.7974358974358975,0.8046875
ver,0.7974358974358975,0.8359375
consumption praised lust,0.7948717948717949,0.71484375
