separator,train_score,test_score
US Supreme,0.7666666666666667,0.75390625
Dennis,0.7525641025641026,0.703125
Diane,0.7525641025641026,0.73046875
K,0.7525641025641026,0.6953125
Ian Mac,0.7384615384615385,0.72265625
