separator,train_score,test_score
Blog:,0.48461538461538467,0.48046875
#include <,0.46923076923076923,0.50390625
//! åŒ,0.4564102564102564,0.44921875
package org.,0.45384615384615384,0.45703125
@subheading(,0.45384615384615384,0.45703125
