separator,sari,train_score
## 2. The,42.002984808143175,41.62992351449804
How do animals,34.42479968633275,39.26525259815355
Now that I am the,38.698341814700356,39.15227064888308
Talking With the,34.16474938639133,38.70846599801621
The Science of,34.521659049189,38.685466457511005
