separator,sari,train_score
In summary,36.8903421127038,36.70979259854855
