separator,train_score,test_score
our differed,0.876923076923077,0.75
sermons murchrist Ja Marshal,0.8615384615384615,0.73046875
leave Selection WILL creditedsegments,0.8448717948717949,0.671875
exhilar Schwransrable Bom,0.8294871794871795,0.75
ars OTHER,0.8153846153846155,0.74609375
