separator,sari,train_score
Regarding DIUsed dend,43.17509103928422,43.180666527863075
ersen encompassed,40.044077163420276,42.915031143914256
econom Historically Rice,41.260465401100824,39.1484708706694
Mar recognised neurons surfaceing,36.289778080794314,38.70429187162691
Emphas Appro adversaries honing,38.535547212678686,38.45847564565743
