separator,train_score,test_score
gramMASgging attach,0.8435897435897436,0.8671875
fem donatedenterspth,0.8294871794871795,0.8359375
Asiatic increase worsIdentitypatients,0.826923076923077,0.8203125
Egyptianrule affirmative,0.7987179487179488,0.7578125
Absolutearations assignmentsFF mastery,0.7974358974358975,0.8515625
