separator,train_score,test_score
42,0.8435897435897436,0.8203125
"[1]



1",0.8294871794871795,0.6875
3.2,0.826923076923077,0.84765625
like,0.7974358974358975,0.73828125
3,0.7961538461538462,0.82421875
