separator,rougeL_f1,rouge1_f1,rouge2_f1,train_score
versions Leveragingclient,0.2009703116659634,0.2163214468190491,0.035657241267881924,0.21649258581823033
Stages members Colonial }) retreated,0.1904594314011371,0.20393397349378353,0.029956471411430322,0.214631128182265
Output,0.19791423403046568,0.21166865215003192,0.03182539084291069,0.21284090740057718
events Borg imaginationsWay damp,0.18988046106547055,0.2004416100665522,0.029351674870571803,0.21264163704590525
"referred+',",0.189964015019919,0.20332813053826393,0.027628385119541993,0.21249138368067477
