separator,train_score,test_score
The term “hipp,0.8294871794871795,0.7109375
• 1 course,0.7974358974358975,0.69140625
## A.5:,0.782051282051282,0.7578125
“A great man,0.7794871794871795,0.64453125
What Is A 3,0.7641025641025642,0.66796875
