separator,sari,train_score
Archive fog trustee Munich distort,36.12308653585169,39.7379473407867
ounding impacted dress,36.63065723432552,37.397887949371764
Mohammed referend,33.37969286618614,37.2594271185622
aponCand Maine bankruptitud,33.107809782207184,37.20787867236274
Poor Perman coworkers,34.462390251225884,37.120758730063116
