separator,train_score,test_score
รฐ player Comet,0.923076923076923,0.85546875
slave awaken LH,0.8923076923076924,0.828125
Idealawareness MS,0.8923076923076924,0.828125
leave Selection WILL creditedsegments,0.8923076923076924,0.85546875
dialog laun nudbsites,0.8756410256410257,0.83984375
