separator,train_score,test_score
this is the,0.8448717948717951,0.7890625
this is,0.8294871794871795,0.82421875
that's it,0.8128205128205128,0.73828125
so yes,0.8128205128205128,0.80859375
the story,0.8,0.74609375
