separator,train_score,test_score
"cloudy limitation}',",0.3769230769230769,0.2578125
versions Leveragingclient,0.3448717948717949,0.23046875
ditch budgetsorealvingsSET,0.31410256410256415,0.19140625
accus Money,0.3128205128205128,0.328125
"spec tulraged wastewater ""_",0.3128205128205128,0.23828125
