separator,train_score,test_score
A man named,0.3769230769230769,0.375
,0.3282051282051282,0.41796875
"""",0.29871794871794877,0.34375
In the,0.26538461538461544,0.25
In,0.2512820512820513,0.30078125
