separator,train_score,test_score
Journal Bismarck,0.7653846153846153,0.70703125
Hindu Sil respects musical,0.7371794871794871,0.64453125
Blood exodus Best Wide,0.7217948717948718,0.6640625
admirableuties concerning documented,0.7205128205128205,0.67578125
randa Urugu)/,0.7205128205128205,0.62890625
