separator,train_score,test_score
Fen,0.767948717948718,0.71875
mapping,0.7525641025641026,0.71484375
Paradoxantedurbpw Brigham,0.7512820512820514,0.703125
groundanchez,0.7371794871794871,0.68359375
aff Celictionmitt LD,0.735897435897436,0.69140625
