separator,train_score,test_score
Jew tro ashamed antenna,0.4833333333333333,0.4453125
Size tropical theologyitories,0.4820512820512821,0.4296875
locality relics parser,0.4820512820512821,0.47265625
authored pieces maple CR,0.46923076923076923,0.45703125
toddailable mathematicians strive possessed,0.46794871794871795,0.4296875
