separator,train_score,test_score
[,0.8615384615384615,0.71484375
|,0.8461538461538461,0.75390625
11,0.8128205128205128,0.70703125
L.C,0.8128205128205128,0.76171875
the best,0.7987179487179488,0.640625
