separator,sari,train_score
Answer:,27.13265238010896,27.427297029507503
