separator,sari,train_score
Simplification:,36.8903421127038,36.70979259854855
