separator,train_score,test_score
A recent article in,0.8461538461538461,0.796875
Ian,0.7974358974358975,0.69921875
by Steve,0.767948717948718,0.71484375
What is,0.7653846153846153,0.640625
"Forum,",0.7538461538461538,0.73828125
