separator,train_score,test_score
proposals that could have increased,0.8141025641025642,0.7578125
"SAS,",0.7653846153846154,0.66015625
changes. (N,0.7653846153846153,0.76171875
H.K,0.7333333333333333,0.7421875
BBC News,0.7192307692307692,0.65625
