separator,train_score,test_score
4,0.8589743589743589,0.76953125
".

The",0.8294871794871795,0.63671875
\end{lst,0.8115384615384617,0.72265625
[21,0.8115384615384617,0.796875
", ""Positive""",0.8115384615384615,0.703125
