separator,rougeL_f1,rouge1_f1,rouge2_f1,train_score
Answer:,0.19396563422736818,0.2047865568849355,0.027977335886073665,0.19948803017800928
