separator,train_score,test_score
120,0.8923076923076924,0.82421875
A 62,0.8923076923076924,0.84765625
29,0.8756410256410257,0.84375
# 3,0.8756410256410257,0.87109375
You have been,0.8756410256410257,0.7734375
