separator,train_score,test_score
"""it",0.8461538461538461,0.77734375
(positive,0.8448717948717949,0.85546875
"""this book",0.8307692307692308,0.78125
{separator} positive,0.8294871794871795,0.828125
"""it is",0.8141025641025641,0.83203125
