separator,train_score,test_score
: 4,0.9384615384615385,0.8359375
and this is,0.923076923076923,0.87890625
This is,0.8615384615384617,0.86328125
wow,0.8615384615384615,0.8359375
* * *,0.8602564102564104,0.83203125
