separator,train_score,test_score
.    3,0.8602564102564102,0.7109375
3b,0.8589743589743589,0.71875
c,0.8435897435897436,0.6015625
{/,0.8294871794871795,0.6875
it,0.7974358974358975,0.6953125
