separator,rougeL_f1,rouge1_f1,rouge2_f1,train_score
This was,0.19208256159007356,0.2037100688659236,0.02904123733872406,0.21923948030912813
Note,0.18917043185185178,0.20261608010800494,0.026255517580017908,0.21295675642992076
And now it,0.1919411869532817,0.20597838843931626,0.030113092022897806,0.2116357909449449
On,0.19122322321416382,0.20320178483692852,0.030148637322870077,0.21119478891332058
{separator} {,0.18763835927814285,0.19879521648232598,0.02655726586314331,0.210763629729547
