separator,train_score,test_score
sulfate,0.4666666666666667,0.42578125
ATM thinning glimpse,0.45256410256410257,0.42578125
Israeli,0.4397435897435898,0.3828125
Raf unveiled,0.4384615384615385,0.39453125
force crickvely diarrhea,0.4371794871794871,0.46484375
