separator,train_score,test_score
bondSingle## helium,0.48589743589743595,0.39453125
ribute FoundationsLE,0.4705128205128205,0.4453125
uncle)*(revision️ Belize,0.4551282051282051,0.41796875
termitesru,0.4551282051282051,0.3671875
annually arth olive,0.4551282051282051,0.37109375
