separator,train_score,test_score
Crop ultraviolet AutonomousLogin,0.9538461538461538,0.7578125
Origin eventually,0.9538461538461538,0.80859375
participatorydailyarent Buenos,0.876923076923077,0.734375
multi)<giving rubric,0.8756410256410257,0.80078125
WOR less ablationCra,0.8743589743589743,0.75
