separator,train_score,test_score
some movie,0.46923076923076923,0.453125
movies,0.46923076923076923,0.48828125
i really,0.4666666666666667,0.44921875
""" the movie",0.45384615384615384,0.35546875
as far as,0.45256410256410257,0.40625
