separator,train_score,test_score
# R,0.9076923076923077,0.80078125
# Introduction,0.8923076923076924,0.8046875
"C++ Tutorial
Inst",0.8910256410256411,0.80078125
Anonymous,0.8743589743589743,0.63671875
This is,0.8615384615384617,0.86328125
