separator,rougeL_f1,rouge1_f1,rouge2_f1,train_score
In summary,0.19249946346755933,0.2046682858749036,0.031066667337738354,0.1896464281880041
