separator,train_score,test_score
This,0.7487179487179487,0.64453125
import cv2,0.7487179487179487,0.55078125
In this,0.7333333333333333,0.5703125
I have seen this,0.7012820512820513,0.6328125
• An Overview to,0.6884615384615385,0.69140625
