separator,train_score,test_score
the other,0.7666666666666668,0.69921875
"note

I",0.75,0.58984375
the story is,0.6884615384615385,0.60546875
and,0.6846153846153846,0.640625
however,0.6743589743589744,0.6328125
