separator,train_score,test_score
fri,0.8910256410256411,0.74609375
Occur accusation Exception totalityupt,0.8461538461538464,0.8125
Love ivyAmb,0.8307692307692308,0.765625
hunger MACnoseief num,0.7974358974358975,0.8046875
': archaeology,0.7974358974358975,0.75
