separator,train_score,test_score
",",0.9051282051282051,0.71875
No,0.8923076923076924,0.8203125
"""this is",0.8448717948717949,0.78125
"""it's",0.8435897435897436,0.625
"""nearly",0.8282051282051283,0.69140625
