separator,train_score,test_score
structuringmond Petr,0.8423076923076923,0.8125
publicationDone,0.826923076923077,0.734375
cyanHigher,0.7153846153846154,0.70703125
integraljudgment Collections,0.7025641025641025,0.75390625
Antar noct promote,0.7025641025641025,0.7578125
