separator,sari,train_score
82. The,40.015505372706315,44.57917535248554
7. The,38.926184719328816,43.74292235782146
5. Pistor,37.6793724758422,39.292409749319525
When 11,36.26373581640128,38.61522772029286
4. France:,38.50360940835479,38.002548826084656
