separator,train_score,test_score
Civ,0.7653846153846153,0.6875
The St,0.7333333333333333,0.6875
New,0.7038461538461539,0.75390625
Rud,0.7038461538461538,0.59765625
North,0.7025641025641025,0.67578125
