separator,train_score,test_score
h,0.8448717948717949,0.76953125
l,0.8448717948717949,0.765625
vocal imitation,0.8282051282051281,0.7890625
,0.8153846153846154,0.8125
#,0.8153846153846154,0.796875
