separator,train_score,test_score
By D. B.,0.7807692307692308,0.7265625
,0.7512820512820514,0.62109375
By Mark Sellers,0.7487179487179486,0.71484375
"#include ""Graph",0.7346153846153847,0.73828125
<?php,0.7346153846153847,0.70703125
