separator,train_score,test_score
professional observing,0.9192307692307693,0.7578125
prayers,0.9051282051282051,0.8046875
()):,0.9051282051282051,0.8828125
creators Sulforne,0.8897435897435898,0.796875
milliseconds sooner,0.8897435897435898,0.8828125
