separator,rougeL_f1,rouge1_f1,rouge2_f1,train_score
In summary,0.2121488238988765,0.23143570897449756,0.037914402670519834,0.21249823264714607
