separator,train_score,test_score
22 +,0.31538461538461543,0.203125
List the different,0.29615384615384616,0.2890625
Describe the,0.28205128205128205,0.1953125
{,0.267948717948718,0.2578125
( number of fingers,0.25512820512820517,0.30078125
