separator,rougeL_f1,rouge1_f1,rouge2_f1,train_score
## 1. Introduction,0.23605035642767963,0.2597931189669106,0.05552950209182061,0.23474597249661097
"For years, the",0.2252811659002022,0.2554446114684336,0.0517800735554441,0.22684381483194696
1. the ability to,0.19722684610791294,0.21262398372501676,0.03163436362206474,0.22370299641693864
We have created our first,0.2098386922725103,0.23163032517573204,0.039293906161645555,0.22301769294212975
The United States is currently,0.20939793832555587,0.22967762036600345,0.041776171237222354,0.2199990292760499
