separator,train_score,test_score
**Using A Coup,0.8141025641025641,0.77734375
"In general, a child",0.8128205128205129,0.7421875
By Robert,0.8115384615384615,0.8046875
Insecticides are,0.7833333333333333,0.6640625
@article{Som,0.767948717948718,0.77734375
