separator,train_score,test_score
-,0.8589743589743589,0.7734375
*,0.8461538461538461,0.80078125
very dep,0.8448717948717949,0.73828125
dull and,0.8282051282051283,0.65234375
{/separator,0.7987179487179488,0.67578125
