separator,train_score,test_score
{,0.953846153846154,0.8671875
@,0.9538461538461538,0.875
*,0.9230769230769231,0.83984375
class ViewManager,0.9217948717948719,0.84375
214,0.9217948717948719,0.78125
