separator,train_score,test_score
# 1-,0.39358974358974363,0.265625
"1,",0.3782051282051282,0.24609375
,0.3615384615384616,0.2734375
In,0.36153846153846153,0.3125
B,0.3474358974358974,0.2890625
