separator,train_score,test_score
So the world is just,0.9217948717948719,0.87109375
def censor_,0.9217948717948719,0.8125
const CLS =,0.9205128205128205,0.7109375
So,0.9064102564102565,0.8359375
package com.example.,0.9051282051282051,0.76171875
