separator,train_score,test_score
@macb,0.8602564102564102,0.66796875
29,0.8294871794871795,0.6796875
120,0.8294871794871795,0.6796875
RSS,0.826923076923077,0.67578125
It's,0.826923076923077,0.65625
