separator,train_score,test_score
"Windows hamlet"":""",0.28076923076923077,0.25
any Kl scant,0.2512820512820513,0.234375
activatesptyerial,0.25,0.18359375
Alpineedited Sent,0.2358974358974359,0.234375
GN,0.21923076923076926,0.171875
