separator,train_score,test_score
package model;,0.4064102564102564,0.2734375
class Player:,0.37435897435897436,0.3046875
"The """,0.36153846153846153,0.2109375
*/,0.358974358974359,0.2890625
# A =,0.3435897435897436,0.2265625
