separator,train_score,test_score
ver,0.9217948717948719,0.765625
mapping,0.9076923076923077,0.75
orrSharing,0.826923076923077,0.765625
ieseldivision,0.7974358974358975,0.71484375
ListsServerty Kur,0.7807692307692308,0.66015625
