separator,train_score,test_score
Dar,0.32948717948717954,0.25
reader,0.29871794871794877,0.2265625
uncle)*(revision️ Belize,0.2846153846153846,0.30078125
Generally,0.2833333333333334,0.2265625
confirmed,0.2833333333333333,0.2421875
