separator,rougeL_f1,rouge1_f1,rouge2_f1,train_score
Answer:,0.20006404072077635,0.21175050141471466,0.02907638823098638,0.20423554800776209
