separator,train_score,test_score
A positive,0.8589743589743589,0.734375
• (,0.8435897435897436,0.7890625
positive 1,0.8282051282051281,0.7578125
4.,0.8141025641025642,0.86328125
7.,0.8141025641025641,0.8359375
