separator,train_score,test_score
By: A,0.8589743589743589,0.75390625
<tr,0.8153846153846155,0.7734375
#,0.8153846153846154,0.796875
,0.8153846153846154,0.8125
If you think you or,0.8153846153846154,0.7265625
