separator,train_score,test_score
**Business &,0.8615384615384617,0.74609375
@,0.8461538461538461,0.70703125
2,0.8294871794871795,0.72265625
S,0.8294871794871795,0.75
B,0.8141025641025641,0.66796875
