separator,train_score,test_score
,0.38974358974358975,0.3671875
M,0.3756410256410257,0.35546875
{,0.3423076923076923,0.3515625
What is “,0.3282051282051282,0.3828125
Please,0.2948717948717948,0.33984375
