separator,rougeL_f1,rouge1_f1,rouge2_f1,train_score
Answer:,0.21422846997635878,0.22801674573296,0.03592067222778637,0.2138165186203904
