separator,train_score,test_score
"""k",0.48461538461538467,0.4765625
i just can,0.48461538461538467,0.4765625
the cinemat,0.4705128205128205,0.46875
"the dialogue,",0.4705128205128205,0.39453125
"the script,",0.4705128205128205,0.44140625
