separator,train_score,test_score
': archaeology,0.9064102564102565,0.79296875
retirementGroupsmon,0.9051282051282051,0.8046875
becamesomeoneorkingoji,0.8602564102564104,0.78515625
activatesptyerial,0.8589743589743589,0.71875
encil democracyCoV Prov Go,0.8448717948717949,0.7265625
