separator,train_score,test_score
1,0.7820512820512822,0.6171875
"""with two",0.7782051282051282,0.67578125
You know who,0.7666666666666667,0.6328125
{separator} personal,0.7205128205128205,0.5859375
(2,0.717948717948718,0.54296875
