separator,train_score,test_score
import csv,0.4679487179487179,0.44921875
package main,0.43589743589743596,0.3984375
The 10,0.43461538461538457,0.36328125
The L,0.42435897435897435,0.375
import,0.4217948717948718,0.37109375
