separator,train_score,test_score
BEGIN:,0.782051282051282,0.7265625
It seems every time I,0.7807692307692309,0.734375
// @ts-,0.764102564102564,0.76953125
"printf(""",0.75,0.66015625
An important,0.7346153846153847,0.5390625
