separator,train_score,test_score
arteruang,0.9525641025641025,0.796875
Pseud?*,0.9371794871794872,0.796875
child leaflets fodder,0.9358974358974359,0.75390625
outfile emits arrested Aeronautics,0.9358974358974359,0.7109375
mir SAFrelation,0.9217948717948719,0.78515625
