separator,train_score,test_score
odiumuador Presentation Nigerian,0.5153846153846154,0.4765625
clerical])[entries ureth,0.48461538461538467,0.48046875
authenticateestic,0.46923076923076923,0.48046875
cases logic regime,0.46923076923076923,0.48828125
ini,0.46923076923076923,0.49609375
