separator,sari,train_score
Answer:,26.502464285187582,28.120557268284212
