separator,train_score,test_score
enging exists,0.9384615384615385,0.77734375
Adsyn,0.9230769230769231,0.66796875
analyzing reconstruction\'',0.9230769230769231,0.7421875
lightly emphasis miles,0.923076923076923,0.7421875
Alpineedited Sent,0.923076923076923,0.73828125
