separator,rougeL_f1,rouge1_f1,rouge2_f1,train_score
In summary,0.21205991208190225,0.2252725056287996,0.0363066558052408,0.21854947261234728
