separator,sari,train_score
Ibanez' famous,46.117351609623306,49.214992080202435
Ibanez and other,42.77598246573531,44.19049046859758
Information on how to make,43.73575842921494,44.09977545291416
Background The,39.64314777687425,40.40501270624491
Manufacturer products {separ,39.58429813831614,40.13794864024942
