separator,sari,train_score
In summary,34.26752075413905,35.72045127165849
