separator,train_score,test_score
Runtime eggplant Quaker,0.8602564102564102,0.8125
rot SageFORMAT Freedomenne,0.8102564102564103,0.84375
].,0.7820512820512822,0.7734375
ContemporaryIO Folklore,0.7666666666666667,0.78515625
provokingaching Violence,0.7051282051282052,0.625
