separator,train_score,test_score
hematics Pride DelegSeven Pitt,0.7692307692307693,0.640625
inductivedivisions,0.767948717948718,0.6796875
ContemporaryIO Folklore,0.7679487179487179,0.62890625
Cornwallaleigh hazard,0.7653846153846156,0.6484375
modernityimental,0.7525641025641026,0.64453125
