separator,train_score,test_score
acupocativeAnn,0.8294871794871795,0.80078125
do Kamaraderie,0.826923076923077,0.8671875
Specificfledged cosmos,0.8141025641025642,0.8125
gave messengersmith cures,0.8141025641025641,0.7734375
colsbetter,0.8128205128205128,0.8125
