separator,train_score,test_score
const CLS =,0.8294871794871795,0.8515625
"#include """,0.8128205128205128,0.796875
class Car::Ve,0.8115384615384615,0.796875
2,0.7833333333333334,0.70703125
#include,0.7820512820512822,0.71484375
