separator,sari,train_score
"4. Paul,",39.46446105420894,38.94604002412181
Trying play,34.915632895156705,38.75335317535371
In France -,34.991109189767464,38.07780339267375
The 29,31.999585976459034,37.16060326457756
After two-,34.59953825734568,37.12169464916779
