separator,train_score,test_score
authored pieces maple CR,0.7217948717948718,0.71484375
field dislocation Fem Rutgers,0.7205128205128205,0.6484375
blademine,0.7051282051282052,0.62890625
brook prolificintendent,0.7038461538461538,0.66796875
Expectations,0.7038461538461538,0.62890625
