separator,rougeL_f1,rouge1_f1,rouge2_f1,train_score
# Calculate 6 percent,0.1924532409826561,0.2084846587549869,0.027378275339945336,0.21804978687971177
### Introduction to 5,0.20760020798794535,0.22458339486273007,0.038039640268079156,0.21661302397913865
import java.nio,0.1865698756717753,0.20075450665576206,0.025890078358669404,0.21491590575837144
“,0.1932215412997591,0.20555628141213383,0.029977975449420005,0.21355151599651423
This week's,0.1951903778925186,0.21151428310142412,0.031461584192656225,0.2134525127497832
