separator,sari,train_score
6. The,41.88895728189128,42.847156961516106
The Birth of,33.99847807597477,39.844656349795194
“After the,37.26725144572746,38.9164203649988
(The goddess,39.06334154499389,38.34378107168538
"In art,",36.431053727653214,37.74709319677271
