separator,train_score,test_score
Minutes,0.3269230769230769,0.3046875
ickingOr capita Daily,0.3269230769230769,0.25
Present,0.29615384615384616,0.28125
Ra,0.29615384615384616,0.21875
conventionalAdapt,0.2948717948717949,0.17578125
