separator,train_score,test_score
A,0.45384615384615384,0.4296875
,0.38974358974358975,0.3671875
<,0.358974358974359,0.375
#,0.35769230769230764,0.30078125
Ian H,0.3435897435897436,0.28125
