separator,sari,train_score
"tqdm"""""")",41.160092016374094,40.58440551457593
ensued utilizing Mark,41.65573902623065,40.58240353588149
BangladesexistsDavisHealthy\'',38.70470860639818,39.6261658225787
Individuals gut,36.09887669709968,39.059556339788564
analyzing reconstruction\'',36.49777356955394,37.804852778031744
