separator,train_score,test_score
a j,0.5,0.48046875
by a lot,0.4833333333333333,0.44921875
(i,0.46923076923076923,0.47265625
{separator,0.45384615384615384,0.4765625
i was,0.45256410256410257,0.45703125
