separator,train_score,test_score
package com,0.9384615384615385,0.82421875
//,0.9230769230769231,0.7734375
Crow,0.923076923076923,0.7421875
<?php,0.9217948717948719,0.80859375
const,0.9205128205128205,0.8359375
