separator,rougeL_f1,rouge1_f1,rouge2_f1,train_score
Computational badges Ping insp,0.19465749456306652,0.2100822056010629,0.03187549408108928,0.2231620716358099
WrittensoundBell osteoporosis,0.19353474584589092,0.20852243789341912,0.030671542641932222,0.21717481961674437
].,0.19119790211328783,0.20300493813516346,0.025472068809041293,0.21692325022920486
receNo Yahoo Evans,0.19885121350417184,0.21482159153922198,0.03143810922941802,0.21645717968865388
creators Sulforne,0.19724126129445496,0.2112745001516641,0.03079227809051206,0.21513524717162227
