separator,train_score,test_score
459,0.8923076923076924,0.859375
36.,0.876923076923077,0.8359375
1,0.876923076923077,0.83984375
R,0.8615384615384615,0.8125
[2,0.8589743589743589,0.8515625
