separator,sari,train_score
Listen programmes cleaning exposes esophageal,38.12086680116316,41.04251483046993
Hampton Addressinggrant formerly,39.08600447634707,40.447421574014335
But experience ag,39.589217058531304,40.3520723265619
Providing Irvine turret////ounced,38.3469313395495,40.15192214977557
Had Compact overshadowed options,37.8427602349216,39.97431055913711
