separator,train_score,test_score
//,0.9217948717948719,0.6875
@,0.9064102564102564,0.81640625
You,0.8910256410256411,0.61328125
package com,0.8910256410256411,0.828125
124,0.8910256410256411,0.75
