separator,train_score,test_score
slowing++BE,0.876923076923077,0.84375
steamingNESS curs,0.876923076923077,0.8359375
little gloss Editorsname,0.8307692307692308,0.8203125
orses UnitsAlong,0.8141025641025642,0.8203125
Georg Acts prominentlyHeight,0.8,0.80859375
