separator,sari,train_score
Answer:,28.98989213385986,29.0624755412258
