separator,train_score,test_score
"""""",0.9371794871794872,0.859375
($ondon,0.9358974358974359,0.85546875
Pseud?*,0.9217948717948719,0.8828125
droughts>.>>>,0.9205128205128205,0.83984375
name,0.9064102564102565,0.8046875
