separator,sari,train_score
# Problem C. Counting,45.018500386156354,46.409586373252694
In-class assignment:,44.0069204562756,45.11815725095173
But even with the,39.6015157191157,41.990261910550224
# The,41.252481814465476,41.705647640919345
So today the other day,41.33844325868357,41.07460948654532
