separator,train_score,test_score
Prepared,0.8602564102564104,0.7421875
equal,0.7974358974358975,0.73828125
urea but,0.7833333333333333,0.71484375
deficiencies manipulationsKenn,0.7820512820512822,0.734375
lis,0.7820512820512822,0.71484375
