separator,rougeL_f1,rouge1_f1,rouge2_f1,train_score
In summary,0.20137463925358706,0.21655912661814736,0.03397280194803345,0.19770769096520857
