separator,rougeL_f1,rouge1_f1,rouge2_f1,train_score
In summary,0.2014449711371583,0.21578336753114147,0.03229871953235873,0.1975976270894601
