separator,train_score,test_score
E,0.8897435897435898,0.8046875
# #2 :,0.8884615384615385,0.7578125
C,0.8589743589743589,0.73828125
1,0.8435897435897436,0.73046875
"//
//",0.8435897435897436,0.7578125
