separator,train_score,test_score
200,0.48589743589743595,0.4375
"""I",0.46794871794871795,0.38671875
this,0.45384615384615384,0.4375
a,0.45384615384615384,0.3515625
so .,0.4397435897435898,0.45703125
