separator,train_score,test_score
acupocativeAnn,0.782051282051282,0.81640625
demanded)]. road Having,0.7615384615384615,0.57421875
"(), sue果",0.7512820512820514,0.8203125
leave Selection WILL creditedsegments,0.7051282051282052,0.81640625
monstrousN surprises,0.6756410256410257,0.79296875
