separator,train_score,test_score
,0.3615384615384616,0.2734375
In,0.36153846153846153,0.3125
In 1,0.3166666666666667,0.28515625
(a),0.31410256410256415,0.20703125
The British Library,0.31410256410256415,0.1953125
