separator,sari,train_score
How the,36.625756943211485,40.05983684303545
"""His",34.899684629875935,39.566448521092454
[To the right of,38.58916184036084,38.130709521282355
{separator} His,35.27491987952443,37.82848857869379
36. On,38.806728043649265,37.757953074894175
