separator,train_score,test_score
*,0.8128205128205128,0.80859375
"positive, {",0.8115384615384617,0.76953125
[13,0.8102564102564104,0.80078125
affirmative,0.7974358974358975,0.5703125
<4:67,0.7961538461538462,0.73828125
