separator,train_score,test_score
profession sexism,0.5,0.453125
utersPix phrases,0.48461538461538467,0.47265625
hardest transverse,0.46923076923076923,0.48046875
do Kamaraderie,0.46923076923076923,0.44140625
colsbetter,0.46794871794871795,0.46875
