separator,train_score,test_score
"-333""",0.9692307692307693,0.80078125
{separator} .,0.9679487179487181,0.71875
{/,0.9679487179487181,0.8828125
{,0.953846153846154,0.8671875
14,0.9384615384615385,0.70703125
