separator,train_score,test_score
helps miner thrived relent,0.8282051282051283,0.75
cra,0.8153846153846154,0.765625
embeddings JD discol Amen,0.8141025641025641,0.7578125
oprot reverber,0.8141025641025641,0.7578125
()):,0.8141025641025641,0.83203125
