separator,train_score,test_score
C,0.7974358974358975,0.828125
def,0.7820512820512822,0.8046875
H,0.7807692307692308,0.7578125
* (C),0.7794871794871795,0.8046875
Pretty,0.7666666666666667,0.7890625
