separator,rougeL_f1,rouge1_f1,rouge2_f1,train_score
Answer:,0.1901238865526686,0.20605219562212007,0.031570329370513975,0.20099568828793718
