separator,sari,train_score
Her gases stocked anthrax,42.87269014887372,43.12491916280371
Early lawful init,37.97728900930087,40.01006523783338
gave messengersmith cures,37.736556021773275,39.39805899941404
Eight MosheSund deriving,38.01381513574796,39.32140074651841
Layoutss Baal surviving childbirth,35.31173049090193,38.534200860343994
