separator,train_score,test_score
The 100,0.31538461538461543,0.34765625
class,0.31410256410256415,0.18359375
using System,0.31410256410256415,0.2421875
In 199,0.30128205128205127,0.3359375
<?php,0.3,0.2265625
