separator,train_score,test_score
#fraud positive,0.8102564102564104,0.66796875
Other,0.7820512820512822,0.78125
The positive,0.7666666666666667,0.5546875
[4,0.7525641025641027,0.68359375
## How do,0.75,0.5625
