separator,train_score,test_score
"Sunday,",0.9230769230769231,0.734375
Forum: T,0.9230769230769231,0.765625
This document is,0.9230769230769231,0.71484375
Finger,0.9230769230769231,0.6953125
Gemstone,0.9230769230769231,0.671875
