separator,sari,train_score
Answer:,26.491169216546535,27.814047811965466
