separator,train_score,test_score
Absol,0.31410256410256415,0.28515625
Above,0.3141025641025641,0.23046875
description olebotBAS,0.30128205128205127,0.18359375
publicationDone,0.28205128205128205,0.20703125
agascar('/ Sourcesproc,0.2653846153846154,0.19140625
