separator,sari,train_score
### A function h(,42.841937504422624,44.31118037136134
Inquiry in the,39.237407665702165,42.565251014215455
Why Do,34.18853944800265,40.81255289979227
You cannot copy this work,38.555840845822445,40.320091426596235
So you're,38.27913511282393,40.034125121296015
