separator,train_score,test_score
class ViewManager,0.9371794871794872,0.81640625
const,0.9371794871794872,0.83203125
# Part,0.9217948717948719,0.73828125
{,0.9205128205128205,0.76171875
36.,0.9064102564102565,0.76953125
