separator,sari,train_score
In summary,32.110565145193846,36.10876331987846
