separator,sari,train_score
In summary,35.86202652585844,37.216710862804916
