separator,train_score,test_score
annccording Gay coauthor,0.826923076923077,0.69921875
Qt,0.826923076923077,0.6640625
aponCand Maine bankruptitud,0.8128205128205128,0.7109375
Bedared accreditationflat traveling,0.7974358974358975,0.6171875
Subject,0.7820512820512822,0.60546875
