separator,sari,train_score
### Introduction to 5,42.23885248824403,45.03869678037997
So that's what,42.38653065217308,42.834320251360744
"Citing """,38.570961575338714,41.072249184949364
# Homework: Probability Problems,39.26887636507871,40.358137764167175
### ECON,38.73190669117687,39.82781388390186
