separator,train_score,test_score
"375,",0.3910256410256411,0.27734375
,0.3128205128205128,0.27734375
33 is,0.29743589743589743,0.2109375
"4,4",0.29743589743589743,0.2421875
Can you name,0.2846153846153846,0.26171875
