separator,train_score,test_score
by,0.48589743589743595,0.40625
// Author: <,0.46794871794871795,0.4609375
Touch,0.4551282051282051,0.41796875
import cv2,0.4551282051282051,0.41796875
The Dangers of E,0.4397435897435898,0.30078125
